id,new_auc,current_auc,promoted,notes,evaluated_at
1,0.7685,0.7872,false,held: no AUC gain,2026-06-22 07:58:05
2,0.7954,0.837,false,held: no AUC gain,2026-05-26 19:32:15
3,0.7679,0.817,false,held: no AUC gain,2026-05-27 01:58:16
4,0.8291,0.8458,false,held: no AUC gain,2026-06-15 17:11:59
5,0.8488,0.8778,false,held: no AUC gain,2026-06-14 11:31:45
6,0.9315,0.8858,true,promoted: +0.046 AUC,2026-05-26 20:30:32
7,0.8295,0.8096,true,promoted: +0.020 AUC,2026-05-24 21:29:14
8,0.784,0.7899,false,held: no AUC gain,2026-06-20 02:34:44
9,0.8661,0.8914,false,held: no AUC gain,2026-06-10 15:10:02
10,0.7971,0.803,false,held: no AUC gain,2026-05-31 10:50:43
11,0.8662,0.8881,false,held: no AUC gain,2026-06-06 02:42:13
12,0.7827,0.8292,false,held: no AUC gain,2026-05-31 03:19:56
13,0.8645,0.8297,true,promoted: +0.035 AUC,2026-06-10 07:45:05
14,0.8626,0.8585,true,promoted: +0.004 AUC,2026-05-25 20:54:20
15,0.8481,0.8459,true,promoted: +0.002 AUC,2026-06-04 01:07:57
16,0.964,0.9216,true,promoted: +0.042 AUC,2026-06-10 18:57:56
17,0.866,0.8968,false,held: no AUC gain,2026-06-18 04:08:14
18,0.9302,0.9179,true,promoted: +0.012 AUC,2026-05-28 09:28:15
19,0.8383,0.8842,false,held: no AUC gain,2026-06-04 11:08:52
20,0.8608,0.9075,false,held: no AUC gain,2026-06-12 15:23:52
21,0.828,0.792,true,promoted: +0.036 AUC,2026-06-13 19:50:15
22,0.9858,0.9299,true,promoted: +0.056 AUC,2026-06-02 21:36:37
23,0.8646,0.8504,true,promoted: +0.014 AUC,2026-06-02 13:26:30
24,0.8604,0.8583,true,promoted: +0.002 AUC,2026-06-05 22:05:21
25,0.9627,0.9184,true,promoted: +0.044 AUC,2026-05-31 02:56:59
26,0.7913,0.7845,true,promoted: +0.007 AUC,2026-06-22 05:52:49
27,0.8747,0.8815,false,held: no AUC gain,2026-06-05 19:43:30
28,0.8563,0.8905,false,held: no AUC gain,2026-06-20 18:03:41
29,0.8386,0.8855,false,held: no AUC gain,2026-06-01 17:29:37
30,0.881,0.9127,false,held: no AUC gain,2026-06-02 23:20:37
31,0.8585,0.8468,true,promoted: +0.012 AUC,2026-06-15 22:50:27
32,0.8043,0.8072,false,held: no AUC gain,2026-06-04 16:20:06
33,0.832,0.8369,false,held: no AUC gain,2026-06-18 12:23:57
34,0.8838,0.8322,true,promoted: +0.052 AUC,2026-05-25 21:49:55
35,0.8432,0.8659,false,held: no AUC gain,2026-06-03 19:34:37
36,0.8001,0.7905,true,promoted: +0.010 AUC,2026-06-23 02:48:14
37,0.7866,0.8252,false,held: no AUC gain,2026-06-14 05:05:14
38,0.7899,0.7892,true,promoted: +0.001 AUC,2026-05-24 21:50:02
39,0.8438,0.8778,false,held: no AUC gain,2026-05-29 03:44:51
40,0.8316,0.8588,false,held: no AUC gain,2026-06-09 07:56:38
41,0.918,0.9183,false,held: no AUC gain,2026-06-11 19:28:23
42,0.922,0.9232,false,held: no AUC gain,2026-06-16 17:02:03
43,0.9188,0.8607,true,promoted: +0.058 AUC,2026-06-02 12:05:05
44,0.8137,0.8058,true,promoted: +0.008 AUC,2026-06-22 00:04:48
45,0.9772,0.9199,true,promoted: +0.057 AUC,2026-06-04 09:13:02
46,0.8533,0.8802,false,held: no AUC gain,2026-06-13 12:10:44
47,0.8299,0.8498,false,held: no AUC gain,2026-06-14 15:54:04
48,0.8028,0.8151,false,held: no AUC gain,2026-06-02 20:30:26
49,0.8197,0.8346,false,held: no AUC gain,2026-06-08 14:47:41
50,0.8915,0.8662,true,promoted: +0.025 AUC,2026-05-28 04:46:35
51,0.9033,0.844,true,promoted: +0.059 AUC,2026-06-16 04:52:16
52,0.8791,0.8784,true,promoted: +0.001 AUC,2026-06-20 12:07:19
53,0.8085,0.7916,true,promoted: +0.017 AUC,2026-06-11 06:51:51
54,0.9352,0.8766,true,promoted: +0.059 AUC,2026-06-20 11:07:33
55,0.9326,0.9087,true,promoted: +0.024 AUC,2026-06-08 08:34:07
56,0.867,0.8393,true,promoted: +0.028 AUC,2026-05-26 00:10:40
57,0.7994,0.8298,false,held: no AUC gain,2026-06-04 04:46:12
58,0.842,0.7898,true,promoted: +0.052 AUC,2026-06-12 08:08:36
59,0.8389,0.8769,false,held: no AUC gain,2026-06-04 22:25:09
60,0.9049,0.8833,true,promoted: +0.022 AUC,2026-06-02 05:19:39
61,0.7614,0.8054,false,held: no AUC gain,2026-06-20 20:51:13
62,0.8943,0.8848,true,promoted: +0.009 AUC,2026-06-23 02:06:19
63,0.7481,0.7974,false,held: no AUC gain,2026-06-02 18:50:42
64,0.8274,0.807,true,promoted: +0.020 AUC,2026-06-22 00:12:16
65,0.9105,0.9201,false,held: no AUC gain,2026-05-28 16:02:17
66,0.8067,0.7814,true,promoted: +0.025 AUC,2026-06-10 08:19:35
67,0.9084,0.9219,false,held: no AUC gain,2026-06-23 04:39:47
68,0.7681,0.7863,false,held: no AUC gain,2026-06-03 14:58:40
69,0.8506,0.8493,true,promoted: +0.001 AUC,2026-06-17 03:37:47
70,0.8684,0.8952,false,held: no AUC gain,2026-06-10 01:02:15
71,0.831,0.8473,false,held: no AUC gain,2026-06-23 11:28:06
72,0.8704,0.8585,true,promoted: +0.012 AUC,2026-06-06 08:52:47
73,0.8336,0.7826,true,promoted: +0.051 AUC,2026-06-04 15:50:19
74,0.8241,0.7989,true,promoted: +0.025 AUC,2026-06-17 01:44:32
75,0.814,0.7857,true,promoted: +0.028 AUC,2026-06-16 02:44:37
76,0.7566,0.7882,false,held: no AUC gain,2026-06-16 15:02:17
77,0.8547,0.8228,true,promoted: +0.032 AUC,2026-06-04 10:30:05
78,0.9171,0.8728,true,promoted: +0.044 AUC,2026-06-03 03:45:43
79,0.9301,0.8855,true,promoted: +0.045 AUC,2026-06-16 02:25:41
80,0.8567,0.8441,true,promoted: +0.013 AUC,2026-06-07 20:50:29
81,0.8928,0.8757,true,promoted: +0.017 AUC,2026-06-16 10:12:18
82,0.8572,0.8827,false,held: no AUC gain,2026-06-14 18:49:23
83,0.8224,0.7923,true,promoted: +0.030 AUC,2026-05-30 01:36:34
84,0.7699,0.7969,false,held: no AUC gain,2026-06-08 18:29:56
85,0.9068,0.8868,true,promoted: +0.020 AUC,2026-06-21 12:05:28
86,0.8037,0.808,false,held: no AUC gain,2026-05-28 11:16:27
87,0.8742,0.8249,true,promoted: +0.049 AUC,2026-06-16 23:53:29
88,0.8852,0.9125,false,held: no AUC gain,2026-05-30 16:34:14
89,0.8835,0.9224,false,held: no AUC gain,2026-06-15 23:22:07
90,0.8376,0.8716,false,held: no AUC gain,2026-06-10 11:38:31
91,0.9187,0.8599,true,promoted: +0.059 AUC,2026-05-30 15:34:47
92,0.8837,0.875,true,promoted: +0.009 AUC,2026-06-06 17:31:29
93,0.8117,0.8002,true,promoted: +0.011 AUC,2026-06-22 16:52:05
94,0.7817,0.8276,false,held: no AUC gain,2026-06-01 03:08:03
95,0.9405,0.9096,true,promoted: +0.031 AUC,2026-05-25 10:22:02
96,0.8092,0.7961,true,promoted: +0.013 AUC,2026-06-07 17:56:50
97,0.8712,0.8135,true,promoted: +0.058 AUC,2026-05-24 19:17:53
98,0.8523,0.8906,false,held: no AUC gain,2026-06-03 13:16:34
99,0.8893,0.8598,true,promoted: +0.029 AUC,2026-06-09 16:05:11
100,0.9246,0.8786,true,promoted: +0.046 AUC,2026-05-28 16:27:39
101,0.8461,0.836,true,promoted: +0.010 AUC,2026-05-27 17:57:37
102,0.8003,0.8135,false,held: no AUC gain,2026-06-10 00:39:00
103,0.8554,0.8733,false,held: no AUC gain,2026-06-07 03:24:31
104,0.8695,0.8336,true,promoted: +0.036 AUC,2026-06-09 01:42:09
105,0.7602,0.7896,false,held: no AUC gain,2026-06-23 03:12:52
106,0.8862,0.8814,true,promoted: +0.005 AUC,2026-06-06 09:10:52
107,0.8908,0.8892,true,promoted: +0.002 AUC,2026-06-12 15:16:32
108,0.9296,0.9266,true,promoted: +0.003 AUC,2026-06-08 01:16:53
109,0.8417,0.8489,false,held: no AUC gain,2026-06-19 14:33:03
110,0.8818,0.8556,true,promoted: +0.026 AUC,2026-06-15 23:29:13
111,0.8819,0.8357,true,promoted: +0.046 AUC,2026-06-17 22:42:11
112,0.8801,0.8451,true,promoted: +0.035 AUC,2026-06-06 14:36:02
113,0.8143,0.8025,true,promoted: +0.012 AUC,2026-06-06 18:10:49
114,0.8083,0.7973,true,promoted: +0.011 AUC,2026-06-04 16:20:57
115,0.912,0.9229,false,held: no AUC gain,2026-06-08 12:47:03
116,0.83,0.832,false,held: no AUC gain,2026-05-27 00:08:51
117,0.983,0.9246,true,promoted: +0.058 AUC,2026-06-03 02:38:45
118,0.8915,0.8508,true,promoted: +0.041 AUC,2026-06-09 07:35:36
119,0.7967,0.8391,false,held: no AUC gain,2026-05-26 23:44:51
120,0.869,0.9108,false,held: no AUC gain,2026-05-24 13:07:02
121,0.9479,0.9289,true,promoted: +0.019 AUC,2026-06-19 22:58:13
122,0.7773,0.8006,false,held: no AUC gain,2026-06-11 14:19:11
123,0.8092,0.8121,false,held: no AUC gain,2026-06-03 19:57:33
124,0.8828,0.8935,false,held: no AUC gain,2026-06-17 00:53:16
125,0.7929,0.83,false,held: no AUC gain,2026-06-15 13:26:00
126,0.8,0.7919,true,promoted: +0.008 AUC,2026-05-30 12:37:48
127,0.8155,0.844,false,held: no AUC gain,2026-06-02 19:58:13
128,0.8656,0.8801,false,held: no AUC gain,2026-06-01 11:14:11
129,0.8523,0.795,true,promoted: +0.057 AUC,2026-06-17 03:41:57
130,0.8811,0.8945,false,held: no AUC gain,2026-06-18 07:40:12
131,0.7892,0.7824,true,promoted: +0.007 AUC,2026-06-14 10:06:59
132,0.9125,0.9286,false,held: no AUC gain,2026-06-21 06:16:09
133,0.7936,0.8137,false,held: no AUC gain,2026-06-10 11:50:20
134,0.801,0.8399,false,held: no AUC gain,2026-06-18 02:20:53
135,0.8894,0.8818,true,promoted: +0.008 AUC,2026-05-30 04:08:06
136,0.8967,0.8765,true,promoted: +0.020 AUC,2026-05-27 23:02:15
137,0.9336,0.9279,true,promoted: +0.006 AUC,2026-06-02 19:29:39
138,0.829,0.8336,false,held: no AUC gain,2026-05-31 08:53:36
139,0.7739,0.7845,false,held: no AUC gain,2026-06-15 19:53:38
140,0.9136,0.8791,true,promoted: +0.034 AUC,2026-06-22 23:58:10
141,0.8546,0.8731,false,held: no AUC gain,2026-06-02 10:19:53
142,0.8896,0.861,true,promoted: +0.029 AUC,2026-05-26 05:18:58
143,0.8971,0.8459,true,promoted: +0.051 AUC,2026-06-15 08:12:16
144,0.789,0.804,false,held: no AUC gain,2026-05-31 00:09:35
145,0.7865,0.8015,false,held: no AUC gain,2026-06-07 00:51:18
146,0.8132,0.7964,true,promoted: +0.017 AUC,2026-05-24 17:42:48
147,0.8947,0.9082,false,held: no AUC gain,2026-06-11 15:22:47
148,0.8484,0.823,true,promoted: +0.025 AUC,2026-05-31 21:37:10
149,0.8785,0.8648,true,promoted: +0.014 AUC,2026-05-25 16:04:56
150,0.871,0.8425,true,promoted: +0.028 AUC,2026-06-18 16:10:17
151,0.8736,0.8466,true,promoted: +0.027 AUC,2026-05-28 00:20:27
152,0.7512,0.7833,false,held: no AUC gain,2026-06-20 07:26:10
153,0.9329,0.9004,true,promoted: +0.033 AUC,2026-05-26 05:00:50
154,0.9285,0.9281,true,promoted: +0.000 AUC,2026-06-05 08:21:23
155,0.8184,0.79,true,promoted: +0.028 AUC,2026-06-19 03:24:40
156,0.8415,0.7973,true,promoted: +0.044 AUC,2026-06-14 16:32:54
157,0.7893,0.8314,false,held: no AUC gain,2026-06-05 06:49:10
158,0.8649,0.8232,true,promoted: +0.042 AUC,2026-06-15 20:24:53
159,0.9334,0.8909,true,promoted: +0.042 AUC,2026-05-26 05:55:08
160,0.8316,0.7899,true,promoted: +0.042 AUC,2026-05-27 16:24:54
161,0.9459,0.8997,true,promoted: +0.046 AUC,2026-05-30 23:25:38
162,0.7536,0.7934,false,held: no AUC gain,2026-06-18 01:55:19
163,0.7875,0.8299,false,held: no AUC gain,2026-06-12 07:53:02
164,0.8537,0.8722,false,held: no AUC gain,2026-06-18 15:29:40
165,0.8453,0.8644,false,held: no AUC gain,2026-05-30 05:18:36
166,0.8,0.8066,false,held: no AUC gain,2026-06-22 19:11:59
167,0.8372,0.8542,false,held: no AUC gain,2026-06-06 09:11:29
168,0.9255,0.8999,true,promoted: +0.026 AUC,2026-05-24 21:19:57
169,0.7632,0.8094,false,held: no AUC gain,2026-06-09 10:31:10
170,0.845,0.8546,false,held: no AUC gain,2026-06-01 00:52:13
171,0.8738,0.8305,true,promoted: +0.043 AUC,2026-06-19 01:54:36
172,0.8301,0.8302,false,held: no AUC gain,2026-06-23 06:46:36
173,0.8638,0.8822,false,held: no AUC gain,2026-06-06 14:39:27
174,0.9159,0.8682,true,promoted: +0.048 AUC,2026-06-09 08:37:34
175,0.9018,0.9086,false,held: no AUC gain,2026-06-10 21:26:13
176,0.8726,0.8169,true,promoted: +0.056 AUC,2026-06-09 19:46:57
177,0.8516,0.7966,true,promoted: +0.055 AUC,2026-06-03 16:21:25
178,0.9576,0.9009,true,promoted: +0.057 AUC,2026-05-30 14:50:18
179,0.7886,0.8125,false,held: no AUC gain,2026-05-28 12:35:12
180,0.8818,0.8275,true,promoted: +0.054 AUC,2026-06-16 12:09:31
181,0.8912,0.8926,false,held: no AUC gain,2026-05-28 07:22:11
182,0.7912,0.7915,false,held: no AUC gain,2026-05-30 06:20:37
183,0.8613,0.843,true,promoted: +0.018 AUC,2026-05-25 01:47:13
184,0.8687,0.8209,true,promoted: +0.048 AUC,2026-06-14 07:30:49
185,0.854,0.838,true,promoted: +0.016 AUC,2026-06-17 22:06:33
186,0.9635,0.9255,true,promoted: +0.038 AUC,2026-06-03 23:22:31
187,0.7725,0.7963,false,held: no AUC gain,2026-05-26 02:52:01
188,0.9249,0.8702,true,promoted: +0.055 AUC,2026-06-17 17:04:47
189,0.8484,0.8434,true,promoted: +0.005 AUC,2026-06-01 19:36:16
190,0.7858,0.815,false,held: no AUC gain,2026-06-21 08:28:42
191,0.7769,0.7921,false,held: no AUC gain,2026-05-30 01:57:02
192,0.939,0.926,true,promoted: +0.013 AUC,2026-06-10 14:52:39
193,0.8458,0.8498,false,held: no AUC gain,2026-06-15 02:21:00
194,0.8627,0.8254,true,promoted: +0.037 AUC,2026-06-19 16:30:03
195,0.8989,0.9214,false,held: no AUC gain,2026-06-22 05:03:19
196,0.9799,0.9298,true,promoted: +0.050 AUC,2026-06-22 06:36:37
197,0.8378,0.8554,false,held: no AUC gain,2026-05-31 16:05:59
198,0.7998,0.8467,false,held: no AUC gain,2026-06-20 07:45:37
199,0.7865,0.8298,false,held: no AUC gain,2026-06-14 22:08:48
200,0.9482,0.914,true,promoted: +0.034 AUC,2026-05-25 06:09:09
201,0.7749,0.8231,false,held: no AUC gain,2026-05-27 18:18:08
202,0.9111,0.8631,true,promoted: +0.048 AUC,2026-06-22 02:47:00
203,0.8877,0.9118,false,held: no AUC gain,2026-05-30 02:00:28
204,0.8839,0.8762,true,promoted: +0.008 AUC,2026-06-14 13:57:29
205,0.9263,0.908,true,promoted: +0.018 AUC,2026-05-25 10:01:56
206,0.8032,0.834,false,held: no AUC gain,2026-06-19 21:32:47
207,0.9236,0.9242,false,held: no AUC gain,2026-06-03 03:13:25
208,0.8484,0.8746,false,held: no AUC gain,2026-05-30 08:41:50
209,0.9242,0.8925,true,promoted: +0.032 AUC,2026-06-16 07:13:51
210,0.8815,0.8759,true,promoted: +0.006 AUC,2026-06-08 16:43:24
211,0.8714,0.8759,false,held: no AUC gain,2026-06-09 00:50:14
212,0.7469,0.7907,false,held: no AUC gain,2026-06-13 07:31:32
213,0.9412,0.8933,true,promoted: +0.048 AUC,2026-05-25 20:54:29
214,0.7929,0.7918,true,promoted: +0.001 AUC,2026-06-19 12:47:52
215,0.8828,0.891,false,held: no AUC gain,2026-06-05 15:40:49
216,0.8645,0.8927,false,held: no AUC gain,2026-06-14 07:26:42
217,0.8529,0.7955,true,promoted: +0.057 AUC,2026-05-24 12:45:40
218,0.8506,0.8794,false,held: no AUC gain,2026-06-03 19:21:37
219,0.8881,0.8322,true,promoted: +0.056 AUC,2026-05-28 17:33:59
220,0.8344,0.8455,false,held: no AUC gain,2026-06-12 06:11:07
221,0.9275,0.9107,true,promoted: +0.017 AUC,2026-06-12 06:45:33
222,0.842,0.8228,true,promoted: +0.019 AUC,2026-06-05 18:47:59
223,0.8318,0.8582,false,held: no AUC gain,2026-06-18 00:48:35
224,0.9003,0.897,true,promoted: +0.003 AUC,2026-05-31 22:29:08
225,0.8282,0.8771,false,held: no AUC gain,2026-05-31 21:47:02
226,0.9283,0.8902,true,promoted: +0.038 AUC,2026-06-21 16:09:22
227,0.8743,0.843,true,promoted: +0.031 AUC,2026-06-07 02:38:46
228,0.7746,0.808,false,held: no AUC gain,2026-06-02 18:38:27
229,0.8968,0.9154,false,held: no AUC gain,2026-06-19 19:36:02
230,0.8585,0.8381,true,promoted: +0.020 AUC,2026-06-07 23:32:32
231,0.8403,0.8727,false,held: no AUC gain,2026-06-03 19:25:19
232,0.8157,0.8153,true,promoted: +0.000 AUC,2026-06-10 05:58:56
233,0.8621,0.8199,true,promoted: +0.042 AUC,2026-06-20 20:01:36
234,0.8588,0.8803,false,held: no AUC gain,2026-06-04 14:41:56
235,0.853,0.8053,true,promoted: +0.048 AUC,2026-05-27 22:47:26
236,0.8899,0.9057,false,held: no AUC gain,2026-06-15 00:43:47
237,0.8217,0.8002,true,promoted: +0.021 AUC,2026-06-01 15:47:07
238,0.8792,0.9031,false,held: no AUC gain,2026-06-20 07:30:27
239,0.9366,0.8837,true,promoted: +0.053 AUC,2026-05-26 22:40:07
240,0.7909,0.8229,false,held: no AUC gain,2026-06-10 11:58:42
241,0.8621,0.8674,false,held: no AUC gain,2026-06-19 05:39:23
242,0.8689,0.8577,true,promoted: +0.011 AUC,2026-06-14 08:00:54
243,0.7796,0.8064,false,held: no AUC gain,2026-06-16 21:13:01
244,0.931,0.8732,true,promoted: +0.058 AUC,2026-06-03 11:02:14
245,0.9396,0.9001,true,promoted: +0.039 AUC,2026-06-03 16:00:54
246,0.8529,0.8294,true,promoted: +0.023 AUC,2026-06-12 06:55:56
247,0.8079,0.8403,false,held: no AUC gain,2026-06-18 13:21:04
248,0.9615,0.9208,true,promoted: +0.041 AUC,2026-05-28 10:29:09
249,0.8312,0.7948,true,promoted: +0.036 AUC,2026-06-04 07:49:43
250,0.8704,0.9063,false,held: no AUC gain,2026-06-21 23:40:49
251,0.927,0.909,true,promoted: +0.018 AUC,2026-05-28 13:24:54
252,0.8243,0.8431,false,held: no AUC gain,2026-06-21 22:44:09
253,0.7659,0.7969,false,held: no AUC gain,2026-06-15 01:32:41
254,0.8566,0.8805,false,held: no AUC gain,2026-06-09 19:07:23
255,0.9497,0.8941,true,promoted: +0.056 AUC,2026-05-30 04:36:33
256,0.8277,0.8486,false,held: no AUC gain,2026-06-14 13:44:41
257,0.9138,0.9257,false,held: no AUC gain,2026-06-13 05:36:51
258,0.8798,0.9244,false,held: no AUC gain,2026-06-14 21:07:19
259,0.8638,0.9026,false,held: no AUC gain,2026-06-23 00:21:41
260,0.9015,0.8761,true,promoted: +0.025 AUC,2026-06-10 15:44:04
261,0.8231,0.7868,true,promoted: +0.036 AUC,2026-05-24 13:51:33
262,0.8648,0.8775,false,held: no AUC gain,2026-05-25 22:00:44
263,0.7656,0.8076,false,held: no AUC gain,2026-05-26 07:50:33
264,0.8373,0.8182,true,promoted: +0.019 AUC,2026-06-22 04:21:31
265,0.795,0.7934,true,promoted: +0.002 AUC,2026-05-30 12:49:05
266,0.851,0.829,true,promoted: +0.022 AUC,2026-06-02 06:26:52
267,0.8918,0.837,true,promoted: +0.055 AUC,2026-06-08 07:44:12
268,0.8416,0.8152,true,promoted: +0.026 AUC,2026-05-28 17:07:07
269,0.8186,0.8605,false,held: no AUC gain,2026-06-19 14:14:00
270,0.8717,0.8981,false,held: no AUC gain,2026-06-05 04:47:17
271,0.912,0.8642,true,promoted: +0.048 AUC,2026-06-19 22:41:34
272,0.9306,0.928,true,promoted: +0.003 AUC,2026-06-12 11:39:22
273,0.88,0.8887,false,held: no AUC gain,2026-06-06 21:25:27
274,0.8684,0.8915,false,held: no AUC gain,2026-05-24 20:18:56
275,0.9153,0.8844,true,promoted: +0.031 AUC,2026-05-31 06:36:07
276,0.8896,0.907,false,held: no AUC gain,2026-06-16 23:32:43
277,0.8852,0.8674,true,promoted: +0.018 AUC,2026-06-08 11:10:14
278,0.8481,0.8019,true,promoted: +0.046 AUC,2026-06-16 20:04:22
279,0.8027,0.7968,true,promoted: +0.006 AUC,2026-06-20 10:04:08
280,0.9185,0.9172,true,promoted: +0.001 AUC,2026-06-20 19:14:45
281,0.7983,0.7864,true,promoted: +0.012 AUC,2026-05-27 09:16:04
282,0.9004,0.8574,true,promoted: +0.043 AUC,2026-06-17 12:11:40
283,0.8928,0.8817,true,promoted: +0.011 AUC,2026-06-21 03:07:58
284,0.8773,0.8617,true,promoted: +0.016 AUC,2026-06-08 03:02:08
285,0.8119,0.8465,false,held: no AUC gain,2026-06-05 19:59:21
286,0.8304,0.8314,false,held: no AUC gain,2026-06-01 13:59:38
287,0.7701,0.7972,false,held: no AUC gain,2026-05-25 16:37:38
288,0.8355,0.8075,true,promoted: +0.028 AUC,2026-05-30 18:41:03
289,0.8556,0.8031,true,promoted: +0.052 AUC,2026-06-10 20:35:06
290,0.9207,0.9106,true,promoted: +0.010 AUC,2026-05-30 14:07:35
291,0.8298,0.8513,false,held: no AUC gain,2026-06-16 05:22:16
292,0.9731,0.9234,true,promoted: +0.050 AUC,2026-06-05 14:52:15
293,0.765,0.7843,false,held: no AUC gain,2026-06-08 07:51:23
294,0.7875,0.818,false,held: no AUC gain,2026-06-09 05:08:42
295,0.7896,0.8065,false,held: no AUC gain,2026-06-05 20:25:38
296,0.8209,0.8394,false,held: no AUC gain,2026-06-05 21:54:04
297,0.9213,0.9169,true,promoted: +0.004 AUC,2026-05-31 20:29:28
298,0.7701,0.7836,false,held: no AUC gain,2026-06-16 08:33:45
299,0.9262,0.92,true,promoted: +0.006 AUC,2026-06-15 04:30:13
300,0.865,0.848,true,promoted: +0.017 AUC,2026-06-14 12:49:42
301,0.8314,0.8607,false,held: no AUC gain,2026-06-15 14:28:52
302,0.9013,0.8592,true,promoted: +0.042 AUC,2026-06-13 20:50:11
303,0.7949,0.7871,true,promoted: +0.008 AUC,2026-06-06 08:13:52
304,0.9316,0.9067,true,promoted: +0.025 AUC,2026-06-06 14:44:27
305,0.9076,0.8952,true,promoted: +0.012 AUC,2026-06-11 10:35:49
306,0.8167,0.8462,false,held: no AUC gain,2026-06-09 22:50:25
307,0.9298,0.9122,true,promoted: +0.018 AUC,2026-06-15 13:07:22
308,0.9031,0.8618,true,promoted: +0.041 AUC,2026-06-20 06:23:32
309,0.8416,0.8516,false,held: no AUC gain,2026-05-30 23:10:27
310,0.8525,0.8582,false,held: no AUC gain,2026-06-20 10:11:24
311,0.8613,0.8944,false,held: no AUC gain,2026-06-17 05:33:04
312,0.9589,0.9161,true,promoted: +0.043 AUC,2026-06-17 21:45:57
313,0.9073,0.8844,true,promoted: +0.023 AUC,2026-06-05 22:32:13
314,0.8302,0.8439,false,held: no AUC gain,2026-06-13 08:16:34
315,0.8817,0.8548,true,promoted: +0.027 AUC,2026-06-11 00:38:21
316,0.9199,0.8856,true,promoted: +0.034 AUC,2026-05-25 18:31:09
317,0.9032,0.9299,false,held: no AUC gain,2026-06-11 01:13:24
318,0.8915,0.89,true,promoted: +0.001 AUC,2026-06-21 14:13:11
319,0.8137,0.8012,true,promoted: +0.013 AUC,2026-05-26 18:45:50
320,0.8007,0.8203,false,held: no AUC gain,2026-05-25 08:01:13
321,0.9362,0.9248,true,promoted: +0.011 AUC,2026-06-22 17:44:59
322,0.816,0.8321,false,held: no AUC gain,2026-05-24 17:28:29
323,0.8176,0.8145,true,promoted: +0.003 AUC,2026-05-28 18:10:26
324,0.9513,0.8917,true,promoted: +0.060 AUC,2026-05-30 04:57:17
325,0.8626,0.8603,true,promoted: +0.002 AUC,2026-06-16 08:27:58
326,0.8839,0.8544,true,promoted: +0.029 AUC,2026-06-14 17:19:48
327,0.8618,0.8232,true,promoted: +0.039 AUC,2026-06-15 13:38:08
328,0.7429,0.7847,false,held: no AUC gain,2026-06-10 22:48:50
329,0.7508,0.7803,false,held: no AUC gain,2026-05-27 12:49:29
330,0.7911,0.8034,false,held: no AUC gain,2026-06-11 03:16:57
331,0.846,0.7995,true,promoted: +0.047 AUC,2026-06-14 13:07:51
332,0.8724,0.9132,false,held: no AUC gain,2026-06-11 14:46:59
333,0.7964,0.8068,false,held: no AUC gain,2026-06-21 23:21:45
334,0.9092,0.8752,true,promoted: +0.034 AUC,2026-05-30 04:44:31
335,0.8927,0.8819,true,promoted: +0.011 AUC,2026-06-22 20:54:48
336,0.9054,0.9284,false,held: no AUC gain,2026-05-27 07:27:03
337,0.8256,0.818,true,promoted: +0.008 AUC,2026-06-08 21:53:21
338,0.9212,0.8975,true,promoted: +0.024 AUC,2026-06-09 23:10:36
339,0.7925,0.8394,false,held: no AUC gain,2026-06-21 21:14:01
340,0.9001,0.9224,false,held: no AUC gain,2026-06-11 00:06:23
341,0.7887,0.8138,false,held: no AUC gain,2026-06-02 01:54:52
342,0.88,0.8834,false,held: no AUC gain,2026-06-05 19:58:18
343,0.8791,0.8532,true,promoted: +0.026 AUC,2026-05-30 05:17:40
344,0.8305,0.8558,false,held: no AUC gain,2026-06-11 18:25:31
345,0.9536,0.9017,true,promoted: +0.052 AUC,2026-06-03 06:02:46
346,0.8947,0.8813,true,promoted: +0.013 AUC,2026-06-01 12:12:19
347,0.9358,0.9078,true,promoted: +0.028 AUC,2026-05-29 09:38:03
348,0.7896,0.7902,false,held: no AUC gain,2026-06-12 10:35:23
349,0.9476,0.9271,true,promoted: +0.020 AUC,2026-05-31 21:46:45
350,0.8768,0.9088,false,held: no AUC gain,2026-06-08 11:30:50
351,0.8578,0.8699,false,held: no AUC gain,2026-06-17 08:43:36
352,0.93,0.9197,true,promoted: +0.010 AUC,2026-05-30 19:20:49
353,0.8296,0.8039,true,promoted: +0.026 AUC,2026-06-15 16:19:45
354,0.8903,0.849,true,promoted: +0.041 AUC,2026-06-19 09:18:01
355,0.8445,0.8675,false,held: no AUC gain,2026-06-12 23:14:19
356,0.9139,0.9172,false,held: no AUC gain,2026-06-18 10:28:56
357,0.8836,0.8868,false,held: no AUC gain,2026-06-14 09:59:27
358,0.806,0.8285,false,held: no AUC gain,2026-06-07 13:59:39
359,0.7837,0.7987,false,held: no AUC gain,2026-05-31 18:17:06
360,0.88,0.9164,false,held: no AUC gain,2026-06-04 04:53:26
361,0.9401,0.915,true,promoted: +0.025 AUC,2026-05-27 11:10:26
362,0.8651,0.8949,false,held: no AUC gain,2026-06-20 01:49:56
363,0.915,0.8875,true,promoted: +0.028 AUC,2026-05-25 00:44:59
364,0.8735,0.822,true,promoted: +0.051 AUC,2026-06-06 16:02:28
365,0.8895,0.9022,false,held: no AUC gain,2026-06-12 22:33:00
366,0.8129,0.8269,false,held: no AUC gain,2026-06-04 05:22:53
367,0.9047,0.8595,true,promoted: +0.045 AUC,2026-06-12 23:40:08
368,0.91,0.8712,true,promoted: +0.039 AUC,2026-05-30 21:31:08
369,0.7911,0.8104,false,held: no AUC gain,2026-05-31 01:49:54
370,0.8472,0.8191,true,promoted: +0.028 AUC,2026-06-07 09:31:53
371,0.8502,0.8628,false,held: no AUC gain,2026-06-15 03:14:10
372,0.8451,0.789,true,promoted: +0.056 AUC,2026-05-28 13:51:58
373,0.8662,0.8363,true,promoted: +0.030 AUC,2026-06-03 11:47:20
374,0.8345,0.8063,true,promoted: +0.028 AUC,2026-06-06 13:57:22
375,0.8632,0.8502,true,promoted: +0.013 AUC,2026-06-22 05:36:11
376,0.8661,0.9144,false,held: no AUC gain,2026-06-05 02:46:36
377,0.8146,0.8255,false,held: no AUC gain,2026-06-04 07:51:51
378,0.9534,0.9193,true,promoted: +0.034 AUC,2026-06-07 02:52:18
379,0.8994,0.8867,true,promoted: +0.013 AUC,2026-05-31 11:43:37
380,0.9497,0.9129,true,promoted: +0.037 AUC,2026-06-06 01:02:28
381,0.8669,0.881,false,held: no AUC gain,2026-05-25 08:56:34
382,0.9075,0.925,false,held: no AUC gain,2026-05-31 06:05:26
383,0.9539,0.9045,true,promoted: +0.049 AUC,2026-06-07 21:41:42
384,0.871,0.881,false,held: no AUC gain,2026-05-28 02:32:29
385,0.9214,0.9212,true,promoted: +0.000 AUC,2026-06-07 14:18:00
386,0.8206,0.8115,true,promoted: +0.009 AUC,2026-05-25 08:55:10
387,0.8331,0.7877,true,promoted: +0.045 AUC,2026-05-25 08:03:30
388,0.9387,0.9279,true,promoted: +0.011 AUC,2026-06-01 21:02:52
389,0.9552,0.8964,true,promoted: +0.059 AUC,2026-06-05 07:34:14
390,0.9156,0.8626,true,promoted: +0.053 AUC,2026-06-07 16:48:43
391,0.8486,0.846,true,promoted: +0.003 AUC,2026-05-29 08:38:25
392,0.93,0.9222,true,promoted: +0.008 AUC,2026-05-24 19:43:12
393,0.9192,0.8743,true,promoted: +0.045 AUC,2026-06-05 21:46:31
394,0.95,0.9115,true,promoted: +0.039 AUC,2026-05-26 20:53:40
395,0.8091,0.8479,false,held: no AUC gain,2026-06-18 22:34:04
396,0.787,0.8319,false,held: no AUC gain,2026-06-03 12:03:14
397,0.8364,0.8443,false,held: no AUC gain,2026-05-30 20:51:39
398,0.8835,0.8643,true,promoted: +0.019 AUC,2026-06-22 14:09:14
399,0.9331,0.9107,true,promoted: +0.022 AUC,2026-06-06 07:00:38
400,0.8077,0.7833,true,promoted: +0.024 AUC,2026-05-27 12:50:18
401,0.8468,0.8585,false,held: no AUC gain,2026-05-29 02:42:59
402,0.9188,0.9231,false,held: no AUC gain,2026-06-22 03:11:23
403,0.9039,0.8867,true,promoted: +0.017 AUC,2026-06-09 01:11:04
404,0.7625,0.8016,false,held: no AUC gain,2026-06-08 03:58:51
405,0.7705,0.7961,false,held: no AUC gain,2026-06-19 00:39:03
406,0.7818,0.8001,false,held: no AUC gain,2026-06-12 20:36:48
407,0.879,0.8695,true,promoted: +0.010 AUC,2026-06-11 17:39:06
408,0.8947,0.8405,true,promoted: +0.054 AUC,2026-06-08 13:56:11
409,0.855,0.8476,true,promoted: +0.007 AUC,2026-05-31 13:36:34
410,0.8279,0.8414,false,held: no AUC gain,2026-06-22 09:23:58
411,0.7622,0.8069,false,held: no AUC gain,2026-06-18 09:18:14
412,0.954,0.8984,true,promoted: +0.056 AUC,2026-06-19 04:39:16
413,0.7571,0.7835,false,held: no AUC gain,2026-06-14 03:10:27
414,0.8454,0.8586,false,held: no AUC gain,2026-05-27 11:58:03
415,0.8255,0.846,false,held: no AUC gain,2026-06-09 16:31:26
416,0.87,0.8845,false,held: no AUC gain,2026-06-15 00:35:02
417,0.8089,0.8185,false,held: no AUC gain,2026-05-31 00:25:13
418,0.7945,0.8284,false,held: no AUC gain,2026-06-18 08:27:14
419,0.7631,0.7815,false,held: no AUC gain,2026-06-11 11:42:11
420,0.8902,0.8846,true,promoted: +0.006 AUC,2026-06-23 10:11:15
421,0.8641,0.8249,true,promoted: +0.039 AUC,2026-05-29 19:27:39
422,0.8925,0.8752,true,promoted: +0.017 AUC,2026-06-19 05:19:13
423,0.8179,0.7807,true,promoted: +0.037 AUC,2026-06-15 20:30:57
424,0.8787,0.8495,true,promoted: +0.029 AUC,2026-06-07 12:00:02
425,0.8866,0.8884,false,held: no AUC gain,2026-06-23 09:26:12
426,0.8174,0.7894,true,promoted: +0.028 AUC,2026-06-10 10:08:46
427,0.887,0.8345,true,promoted: +0.052 AUC,2026-06-16 01:51:03
428,0.8874,0.8722,true,promoted: +0.015 AUC,2026-06-20 18:08:42
429,0.7568,0.79,false,held: no AUC gain,2026-06-16 04:45:28
430,0.8783,0.9247,false,held: no AUC gain,2026-05-26 06:05:33
431,0.8834,0.8242,true,promoted: +0.059 AUC,2026-06-20 02:54:11
432,0.8576,0.8984,false,held: no AUC gain,2026-05-26 07:10:26
433,0.7955,0.816,false,held: no AUC gain,2026-06-04 21:57:13
434,0.8936,0.8664,true,promoted: +0.027 AUC,2026-06-02 17:13:30
435,0.8732,0.8647,true,promoted: +0.009 AUC,2026-05-28 13:06:52
436,0.9314,0.8783,true,promoted: +0.053 AUC,2026-06-19 18:26:06
437,0.8882,0.8486,true,promoted: +0.040 AUC,2026-06-16 03:53:59
438,0.8825,0.8352,true,promoted: +0.047 AUC,2026-05-28 05:07:21
439,0.8064,0.8366,false,held: no AUC gain,2026-05-29 07:16:39
440,0.855,0.8522,true,promoted: +0.003 AUC,2026-05-31 16:36:58
441,0.94,0.8956,true,promoted: +0.044 AUC,2026-06-12 03:00:35
442,0.8539,0.8928,false,held: no AUC gain,2026-06-10 20:50:46
443,0.841,0.8198,true,promoted: +0.021 AUC,2026-06-06 08:49:38
444,0.9539,0.9255,true,promoted: +0.028 AUC,2026-05-25 15:18:18
445,0.8352,0.8068,true,promoted: +0.028 AUC,2026-05-26 22:03:01
446,0.9517,0.9132,true,promoted: +0.038 AUC,2026-06-19 13:39:06
447,0.8103,0.7969,true,promoted: +0.013 AUC,2026-05-26 19:43:13
448,0.9048,0.8483,true,promoted: +0.056 AUC,2026-06-15 10:40:34
449,0.7988,0.8014,false,held: no AUC gain,2026-06-17 08:09:19
450,0.8335,0.8517,false,held: no AUC gain,2026-06-16 14:45:15
451,0.8826,0.8281,true,promoted: +0.054 AUC,2026-06-19 06:42:38
452,0.889,0.9055,false,held: no AUC gain,2026-05-30 10:12:58
453,0.8334,0.819,true,promoted: +0.014 AUC,2026-06-22 12:06:14
454,0.8789,0.8882,false,held: no AUC gain,2026-06-20 12:30:39
455,0.9133,0.8665,true,promoted: +0.047 AUC,2026-06-06 19:39:57
456,0.8904,0.8751,true,promoted: +0.015 AUC,2026-05-31 17:44:31
457,0.7731,0.7955,false,held: no AUC gain,2026-06-15 18:31:59
458,0.9649,0.9054,true,promoted: +0.060 AUC,2026-06-15 08:08:46
459,0.8078,0.8462,false,held: no AUC gain,2026-05-29 23:02:33
460,0.8032,0.7893,true,promoted: +0.014 AUC,2026-05-30 17:04:07
461,0.8537,0.8133,true,promoted: +0.040 AUC,2026-05-31 19:46:36
462,0.8863,0.8762,true,promoted: +0.010 AUC,2026-06-04 02:12:13
463,0.7848,0.7833,true,promoted: +0.001 AUC,2026-06-08 12:14:31
464,0.8269,0.8007,true,promoted: +0.026 AUC,2026-05-26 23:25:55
465,0.7825,0.8307,false,held: no AUC gain,2026-06-14 15:53:41
466,0.9428,0.9189,true,promoted: +0.024 AUC,2026-05-30 19:58:33
467,0.8575,0.8946,false,held: no AUC gain,2026-05-28 23:04:08
468,0.8532,0.8065,true,promoted: +0.047 AUC,2026-06-21 20:45:56
469,0.8246,0.7871,true,promoted: +0.037 AUC,2026-06-03 11:09:09
470,0.8114,0.814,false,held: no AUC gain,2026-06-15 16:51:12
471,0.8332,0.8227,true,promoted: +0.010 AUC,2026-06-18 04:14:55
472,0.8179,0.7894,true,promoted: +0.029 AUC,2026-06-01 10:49:46
473,0.8154,0.8478,false,held: no AUC gain,2026-05-28 16:34:54
474,0.8972,0.9185,false,held: no AUC gain,2026-05-26 21:44:47
475,0.8027,0.8328,false,held: no AUC gain,2026-06-10 00:12:27
476,0.8554,0.8353,true,promoted: +0.020 AUC,2026-05-26 08:14:48
477,0.7912,0.8372,false,held: no AUC gain,2026-05-30 02:44:22
478,0.8633,0.8915,false,held: no AUC gain,2026-05-25 21:44:17
479,0.8727,0.9149,false,held: no AUC gain,2026-06-22 07:32:48
480,0.7769,0.8067,false,held: no AUC gain,2026-06-23 09:33:15
481,0.87,0.9149,false,held: no AUC gain,2026-06-09 10:56:59
482,0.9062,0.8648,true,promoted: +0.041 AUC,2026-05-31 00:32:32
483,0.8469,0.8483,false,held: no AUC gain,2026-05-27 14:32:53
484,0.8243,0.798,true,promoted: +0.026 AUC,2026-05-27 15:51:28
485,0.835,0.874,false,held: no AUC gain,2026-06-16 02:52:05
486,0.8535,0.8624,false,held: no AUC gain,2026-06-08 05:44:30
487,0.8043,0.7929,true,promoted: +0.011 AUC,2026-06-10 15:31:58
488,0.8779,0.8773,true,promoted: +0.001 AUC,2026-05-30 03:23:11
489,0.9523,0.8939,true,promoted: +0.058 AUC,2026-06-12 02:57:51
490,0.8468,0.7899,true,promoted: +0.057 AUC,2026-05-24 22:46:45
491,0.8285,0.7852,true,promoted: +0.043 AUC,2026-06-16 04:32:02
492,0.9378,0.8978,true,promoted: +0.040 AUC,2026-06-22 11:57:15
493,0.9109,0.9102,true,promoted: +0.001 AUC,2026-06-11 13:41:55
494,0.8954,0.9162,false,held: no AUC gain,2026-06-13 07:10:30
495,0.8746,0.9159,false,held: no AUC gain,2026-06-15 12:22:11
496,0.8068,0.8323,false,held: no AUC gain,2026-06-21 18:08:50
497,0.9349,0.9192,true,promoted: +0.016 AUC,2026-06-15 18:29:22
498,0.7972,0.7981,false,held: no AUC gain,2026-06-19 19:42:52
499,0.9162,0.8866,true,promoted: +0.030 AUC,2026-06-04 06:05:34
500,0.9176,0.876,true,promoted: +0.042 AUC,2026-06-12 02:17:46
501,0.9186,0.8686,true,promoted: +0.050 AUC,2026-05-29 20:35:32
502,0.9137,0.9212,false,held: no AUC gain,2026-05-26 22:17:45
503,0.8867,0.8578,true,promoted: +0.029 AUC,2026-05-30 05:11:34
504,0.8547,0.8839,false,held: no AUC gain,2026-06-15 14:23:43
505,0.9702,0.9129,true,promoted: +0.057 AUC,2026-06-13 02:17:37
506,0.7931,0.7945,false,held: no AUC gain,2026-05-26 00:13:00
507,0.9356,0.9231,true,promoted: +0.012 AUC,2026-06-14 07:12:16
508,0.8565,0.8141,true,promoted: +0.042 AUC,2026-06-18 05:20:07
509,0.9127,0.9263,false,held: no AUC gain,2026-06-17 19:54:26
510,0.8885,0.8535,true,promoted: +0.035 AUC,2026-06-16 23:11:04
511,0.7607,0.7966,false,held: no AUC gain,2026-05-29 21:55:32
512,0.8558,0.8091,true,promoted: +0.047 AUC,2026-06-04 07:03:54
513,0.8118,0.7974,true,promoted: +0.014 AUC,2026-06-19 12:21:55
514,0.8623,0.8829,false,held: no AUC gain,2026-06-04 07:31:31
515,0.8339,0.7809,true,promoted: +0.053 AUC,2026-06-07 16:19:33
516,0.8868,0.8457,true,promoted: +0.041 AUC,2026-05-26 19:26:55
517,0.8114,0.8251,false,held: no AUC gain,2026-06-16 09:36:51
518,0.8039,0.7988,true,promoted: +0.005 AUC,2026-06-02 16:09:47
519,0.8821,0.9216,false,held: no AUC gain,2026-06-05 12:52:08
520,0.9175,0.8796,true,promoted: +0.038 AUC,2026-06-01 18:21:59
521,0.9347,0.8784,true,promoted: +0.056 AUC,2026-06-01 20:57:23
522,0.79,0.8065,false,held: no AUC gain,2026-06-23 00:16:44
523,0.8076,0.8188,false,held: no AUC gain,2026-06-15 16:05:13
524,0.7363,0.7824,false,held: no AUC gain,2026-06-16 20:07:37
525,0.863,0.8085,true,promoted: +0.055 AUC,2026-05-28 20:29:34
526,0.8361,0.8665,false,held: no AUC gain,2026-06-22 19:33:17
527,0.8907,0.8825,true,promoted: +0.008 AUC,2026-06-08 21:16:59
528,0.9375,0.8812,true,promoted: +0.056 AUC,2026-06-23 10:40:56
529,0.776,0.82,false,held: no AUC gain,2026-06-18 21:10:56
530,0.8365,0.8272,true,promoted: +0.009 AUC,2026-06-01 05:21:34
531,0.8973,0.9215,false,held: no AUC gain,2026-05-28 07:01:52
532,0.8913,0.8946,false,held: no AUC gain,2026-06-11 06:19:57
533,0.8273,0.8299,false,held: no AUC gain,2026-05-30 23:14:42
534,0.9541,0.9057,true,promoted: +0.048 AUC,2026-06-20 15:24:39
535,0.8606,0.8141,true,promoted: +0.047 AUC,2026-06-14 20:14:10
536,0.8305,0.796,true,promoted: +0.034 AUC,2026-06-08 04:25:42
537,0.8595,0.861,false,held: no AUC gain,2026-06-02 19:03:05
538,0.7969,0.8006,false,held: no AUC gain,2026-06-15 19:18:51
539,0.9373,0.8848,true,promoted: +0.053 AUC,2026-06-14 22:20:02
540,0.9121,0.8602,true,promoted: +0.052 AUC,2026-05-27 20:52:50
541,0.8805,0.8722,true,promoted: +0.008 AUC,2026-06-05 22:24:27
542,0.8929,0.9063,false,held: no AUC gain,2026-06-09 19:20:23
543,0.9506,0.8909,true,promoted: +0.060 AUC,2026-06-19 18:20:21
544,0.8759,0.8463,true,promoted: +0.030 AUC,2026-05-28 00:00:46
545,0.7699,0.7834,false,held: no AUC gain,2026-06-02 02:57:04
546,0.7803,0.8249,false,held: no AUC gain,2026-06-17 22:06:47
547,0.8306,0.7818,true,promoted: +0.049 AUC,2026-05-28 13:14:46
548,0.9787,0.9286,true,promoted: +0.050 AUC,2026-06-08 17:33:41
549,0.8737,0.8212,true,promoted: +0.053 AUC,2026-06-02 00:30:00
550,0.9217,0.8759,true,promoted: +0.046 AUC,2026-06-18 16:49:46
551,0.9227,0.8642,true,promoted: +0.058 AUC,2026-05-30 09:25:36
552,0.8105,0.8113,false,held: no AUC gain,2026-05-26 04:05:31
553,0.9336,0.9146,true,promoted: +0.019 AUC,2026-06-03 20:54:36
554,0.8926,0.8419,true,promoted: +0.051 AUC,2026-06-13 17:49:48
555,0.9391,0.9027,true,promoted: +0.036 AUC,2026-06-16 20:31:59
556,0.8357,0.8501,false,held: no AUC gain,2026-06-09 18:46:39
557,0.8751,0.9096,false,held: no AUC gain,2026-06-13 10:21:25
558,0.8733,0.8506,true,promoted: +0.023 AUC,2026-06-02 20:04:54
559,0.8748,0.8213,true,promoted: +0.053 AUC,2026-06-10 22:54:14
560,0.8999,0.8819,true,promoted: +0.018 AUC,2026-06-11 16:35:32
561,0.9459,0.9285,true,promoted: +0.017 AUC,2026-05-31 11:30:21
562,0.8187,0.784,true,promoted: +0.035 AUC,2026-06-02 09:44:05
563,0.7902,0.7932,false,held: no AUC gain,2026-06-07 11:49:54
564,0.8645,0.8884,false,held: no AUC gain,2026-06-03 00:51:48
565,0.8411,0.8039,true,promoted: +0.037 AUC,2026-06-11 15:52:55
566,0.8611,0.8634,false,held: no AUC gain,2026-06-16 11:28:16
567,0.8137,0.8332,false,held: no AUC gain,2026-06-05 22:59:44
568,0.8023,0.8428,false,held: no AUC gain,2026-06-03 01:41:24
569,0.8041,0.8034,true,promoted: +0.001 AUC,2026-06-06 09:49:02
570,0.9189,0.8814,true,promoted: +0.037 AUC,2026-06-19 19:43:49
571,0.7903,0.8314,false,held: no AUC gain,2026-06-18 15:57:14
572,0.8158,0.8309,false,held: no AUC gain,2026-06-11 22:56:30
573,0.8215,0.8209,true,promoted: +0.001 AUC,2026-06-18 17:42:12
574,0.758,0.7899,false,held: no AUC gain,2026-06-06 11:59:02
575,0.7752,0.7937,false,held: no AUC gain,2026-05-30 21:03:46
576,0.8897,0.8526,true,promoted: +0.037 AUC,2026-05-29 18:56:12
577,0.8236,0.804,true,promoted: +0.020 AUC,2026-05-31 02:16:43
578,0.7768,0.7961,false,held: no AUC gain,2026-06-02 00:08:15
579,0.8081,0.7967,true,promoted: +0.011 AUC,2026-06-19 18:38:42
580,0.8675,0.8444,true,promoted: +0.023 AUC,2026-06-20 03:32:13
581,0.7533,0.7881,false,held: no AUC gain,2026-06-08 04:20:31
582,0.8979,0.8502,true,promoted: +0.048 AUC,2026-06-10 17:23:47
583,0.8554,0.8495,true,promoted: +0.006 AUC,2026-06-22 15:35:04
584,0.7905,0.7842,true,promoted: +0.006 AUC,2026-06-08 22:31:52
585,0.8155,0.7839,true,promoted: +0.032 AUC,2026-05-27 08:42:28
586,0.9124,0.893,true,promoted: +0.019 AUC,2026-06-03 02:19:39
587,0.9269,0.8898,true,promoted: +0.037 AUC,2026-06-17 08:54:35
588,0.8656,0.8237,true,promoted: +0.042 AUC,2026-06-18 14:32:09
589,0.8242,0.7807,true,promoted: +0.043 AUC,2026-05-28 20:45:44
590,0.8644,0.8154,true,promoted: +0.049 AUC,2026-06-05 03:10:47
591,0.8582,0.8543,true,promoted: +0.004 AUC,2026-05-26 08:29:53
592,0.8738,0.8982,false,held: no AUC gain,2026-05-29 09:19:23
593,0.8498,0.8097,true,promoted: +0.040 AUC,2026-06-22 19:39:08
594,0.823,0.8598,false,held: no AUC gain,2026-05-29 12:56:23
595,0.8207,0.8027,true,promoted: +0.018 AUC,2026-06-14 11:00:47
596,0.787,0.8275,false,held: no AUC gain,2026-05-25 19:17:42
597,0.8712,0.8461,true,promoted: +0.025 AUC,2026-06-21 16:31:36
598,0.8792,0.9266,false,held: no AUC gain,2026-06-20 02:47:48
599,0.8439,0.793,true,promoted: +0.051 AUC,2026-06-14 22:10:13
600,0.9488,0.8888,true,promoted: +0.060 AUC,2026-06-19 13:16:11
601,0.8049,0.8038,true,promoted: +0.001 AUC,2026-06-20 20:19:18
602,0.8902,0.8454,true,promoted: +0.045 AUC,2026-06-10 22:25:57
603,0.8246,0.8009,true,promoted: +0.024 AUC,2026-06-12 23:08:05
604,0.9619,0.9198,true,promoted: +0.042 AUC,2026-06-08 15:15:22
605,0.8916,0.9092,false,held: no AUC gain,2026-06-10 05:26:45
606,0.7987,0.8202,false,held: no AUC gain,2026-06-04 15:50:29
607,0.8827,0.8348,true,promoted: +0.048 AUC,2026-05-31 08:40:35
608,0.8265,0.8524,false,held: no AUC gain,2026-06-17 04:48:28
609,0.9552,0.9288,true,promoted: +0.026 AUC,2026-06-19 21:19:26
610,0.8046,0.8085,false,held: no AUC gain,2026-05-26 23:45:04
611,0.7554,0.7891,false,held: no AUC gain,2026-06-09 19:22:16
612,0.8608,0.8757,false,held: no AUC gain,2026-05-26 16:42:58
613,0.7491,0.7844,false,held: no AUC gain,2026-06-10 11:10:11
614,0.8722,0.9094,false,held: no AUC gain,2026-06-15 11:33:57
615,0.8071,0.8409,false,held: no AUC gain,2026-06-01 02:01:07
616,0.7896,0.8176,false,held: no AUC gain,2026-05-29 11:36:44
617,0.9583,0.907,true,promoted: +0.051 AUC,2026-06-11 15:41:36
618,0.9417,0.8898,true,promoted: +0.052 AUC,2026-06-11 04:43:37
619,0.8303,0.8182,true,promoted: +0.012 AUC,2026-05-26 09:31:07
620,0.79,0.8001,false,held: no AUC gain,2026-06-01 14:22:35
621,0.8513,0.875,false,held: no AUC gain,2026-06-11 09:49:20
622,0.8226,0.8544,false,held: no AUC gain,2026-06-04 02:36:07
623,0.8346,0.8397,false,held: no AUC gain,2026-05-31 20:53:49
624,0.8915,0.8379,true,promoted: +0.054 AUC,2026-05-29 17:10:59
625,0.8458,0.7956,true,promoted: +0.050 AUC,2026-06-16 05:27:04
626,0.8878,0.843,true,promoted: +0.045 AUC,2026-05-28 08:24:56
627,0.8559,0.8541,true,promoted: +0.002 AUC,2026-06-06 22:46:36
628,0.8312,0.8386,false,held: no AUC gain,2026-06-08 12:22:35
629,0.9433,0.8859,true,promoted: +0.057 AUC,2026-06-07 05:18:16
630,0.9148,0.8594,true,promoted: +0.055 AUC,2026-06-23 01:49:17
631,0.8816,0.9044,false,held: no AUC gain,2026-06-23 03:52:42
632,0.8328,0.8509,false,held: no AUC gain,2026-05-28 21:26:07
633,0.8942,0.9009,false,held: no AUC gain,2026-05-27 17:32:20
634,0.9411,0.8953,true,promoted: +0.046 AUC,2026-05-29 21:31:38
635,0.8723,0.8606,true,promoted: +0.012 AUC,2026-06-14 19:44:51
636,0.8617,0.8293,true,promoted: +0.032 AUC,2026-05-29 05:59:59
637,0.9203,0.896,true,promoted: +0.024 AUC,2026-05-26 05:31:52
638,0.8664,0.8174,true,promoted: +0.049 AUC,2026-05-28 16:07:42
639,0.8078,0.8504,false,held: no AUC gain,2026-05-29 00:50:58
640,0.8256,0.8695,false,held: no AUC gain,2026-06-21 02:15:49
641,0.8704,0.824,true,promoted: +0.046 AUC,2026-05-25 12:05:46
642,0.8416,0.8283,true,promoted: +0.013 AUC,2026-05-30 19:57:23
643,0.8052,0.7864,true,promoted: +0.019 AUC,2026-06-17 10:43:04
644,0.8563,0.8149,true,promoted: +0.041 AUC,2026-06-18 07:57:30
645,0.8771,0.8459,true,promoted: +0.031 AUC,2026-06-01 04:21:27
646,0.8892,0.8456,true,promoted: +0.044 AUC,2026-06-20 11:44:05
647,0.8967,0.9062,false,held: no AUC gain,2026-05-28 22:25:58
648,0.8049,0.7837,true,promoted: +0.021 AUC,2026-06-21 11:43:48
649,0.8603,0.8481,true,promoted: +0.012 AUC,2026-06-23 08:11:53
650,0.807,0.8389,false,held: no AUC gain,2026-06-14 15:09:52
651,0.8782,0.8496,true,promoted: +0.029 AUC,2026-06-10 17:21:45
652,0.8818,0.8367,true,promoted: +0.045 AUC,2026-06-09 09:52:38
653,0.921,0.9129,true,promoted: +0.008 AUC,2026-06-07 21:09:44
654,0.8482,0.7921,true,promoted: +0.056 AUC,2026-05-28 20:36:54
655,0.8075,0.8147,false,held: no AUC gain,2026-06-14 09:32:17
656,0.958,0.91,true,promoted: +0.048 AUC,2026-06-05 13:47:28
657,0.8131,0.8256,false,held: no AUC gain,2026-06-16 03:36:31
658,0.8314,0.7959,true,promoted: +0.036 AUC,2026-06-14 10:40:18
659,0.8296,0.8613,false,held: no AUC gain,2026-06-08 17:08:35
660,0.8675,0.8599,true,promoted: +0.008 AUC,2026-06-21 19:27:15
661,0.7881,0.8234,false,held: no AUC gain,2026-05-28 07:38:38
662,0.8464,0.8601,false,held: no AUC gain,2026-05-27 02:10:54
663,0.7631,0.8041,false,held: no AUC gain,2026-05-28 03:22:03
664,0.8827,0.9069,false,held: no AUC gain,2026-06-03 04:12:06
665,0.9583,0.9076,true,promoted: +0.051 AUC,2026-06-10 09:51:32
666,0.8268,0.8566,false,held: no AUC gain,2026-05-30 14:05:11
667,0.7619,0.7975,false,held: no AUC gain,2026-05-25 10:39:24
668,0.9768,0.9182,true,promoted: +0.059 AUC,2026-06-22 10:00:43
669,0.9582,0.8995,true,promoted: +0.059 AUC,2026-05-25 01:42:08
670,0.8263,0.8603,false,held: no AUC gain,2026-05-24 16:47:18
671,0.9539,0.9066,true,promoted: +0.047 AUC,2026-06-13 10:57:40
672,0.8881,0.858,true,promoted: +0.030 AUC,2026-05-26 06:43:42
673,0.8609,0.83,true,promoted: +0.031 AUC,2026-06-14 13:44:38
674,0.9102,0.9229,false,held: no AUC gain,2026-05-24 18:40:33
675,0.9365,0.884,true,promoted: +0.052 AUC,2026-06-16 18:20:10
676,0.8468,0.8634,false,held: no AUC gain,2026-05-28 12:58:43
677,0.9584,0.921,true,promoted: +0.037 AUC,2026-05-26 20:07:50
678,0.8718,0.8506,true,promoted: +0.021 AUC,2026-05-24 15:54:24
679,0.8115,0.7991,true,promoted: +0.012 AUC,2026-05-25 20:07:01
680,0.8447,0.8681,false,held: no AUC gain,2026-05-30 09:16:24
681,0.8096,0.796,true,promoted: +0.014 AUC,2026-06-09 19:42:29
682,0.7508,0.7946,false,held: no AUC gain,2026-06-19 16:26:54
683,0.8178,0.7943,true,promoted: +0.023 AUC,2026-05-29 04:58:22
684,0.8881,0.9157,false,held: no AUC gain,2026-05-27 10:14:43
685,0.9515,0.9188,true,promoted: +0.033 AUC,2026-06-04 19:00:36
686,0.8859,0.8499,true,promoted: +0.036 AUC,2026-06-16 02:31:06
687,0.8809,0.881,false,held: no AUC gain,2026-06-16 21:20:34
688,0.9178,0.8851,true,promoted: +0.033 AUC,2026-05-27 20:47:53
689,0.9416,0.9287,true,promoted: +0.013 AUC,2026-06-14 03:35:10
690,0.9202,0.8839,true,promoted: +0.036 AUC,2026-06-09 22:14:32
691,0.8315,0.8417,false,held: no AUC gain,2026-06-23 06:46:26
692,0.9079,0.8816,true,promoted: +0.026 AUC,2026-06-05 18:03:35
693,0.8753,0.8223,true,promoted: +0.053 AUC,2026-05-29 17:13:52
694,0.8589,0.8642,false,held: no AUC gain,2026-06-14 15:40:34
695,0.8744,0.9084,false,held: no AUC gain,2026-06-14 04:50:46
696,0.8999,0.8559,true,promoted: +0.044 AUC,2026-05-31 10:39:42
697,0.8902,0.8596,true,promoted: +0.031 AUC,2026-06-07 04:26:05
698,0.8922,0.8719,true,promoted: +0.020 AUC,2026-06-12 18:21:05
699,0.92,0.8639,true,promoted: +0.056 AUC,2026-06-11 21:38:36
700,0.8764,0.9084,false,held: no AUC gain,2026-06-07 15:48:36
701,0.7822,0.8306,false,held: no AUC gain,2026-06-10 09:18:27
702,0.8475,0.8695,false,held: no AUC gain,2026-06-17 13:55:21
703,0.8765,0.9262,false,held: no AUC gain,2026-06-10 02:32:30
704,0.8365,0.8289,true,promoted: +0.008 AUC,2026-06-21 06:28:00
705,0.8458,0.8751,false,held: no AUC gain,2026-05-26 16:48:05
706,0.7919,0.7855,true,promoted: +0.006 AUC,2026-06-01 09:34:11
707,0.7762,0.819,false,held: no AUC gain,2026-06-02 16:44:30
708,0.806,0.8097,false,held: no AUC gain,2026-05-30 09:36:48
709,0.8211,0.7965,true,promoted: +0.025 AUC,2026-06-01 14:45:14
710,0.9091,0.8628,true,promoted: +0.046 AUC,2026-05-31 18:13:53
711,0.8169,0.8568,false,held: no AUC gain,2026-06-02 15:20:20
712,0.7521,0.7828,false,held: no AUC gain,2026-06-02 16:10:40
713,0.8756,0.8437,true,promoted: +0.032 AUC,2026-06-05 05:54:11
714,0.8485,0.869,false,held: no AUC gain,2026-05-25 21:40:57
715,0.8079,0.8486,false,held: no AUC gain,2026-06-07 20:13:21
716,0.8779,0.8881,false,held: no AUC gain,2026-06-15 11:50:55
717,0.8957,0.8575,true,promoted: +0.038 AUC,2026-05-28 01:23:47
718,0.8665,0.8903,false,held: no AUC gain,2026-06-21 18:39:24
719,0.8155,0.8482,false,held: no AUC gain,2026-06-17 16:52:05
720,0.9546,0.8951,true,promoted: +0.059 AUC,2026-06-15 13:26:38
721,0.8475,0.7995,true,promoted: +0.048 AUC,2026-06-08 16:28:49
722,0.7949,0.7849,true,promoted: +0.010 AUC,2026-06-11 08:19:25
723,0.9464,0.9039,true,promoted: +0.043 AUC,2026-06-15 09:31:21
724,0.8776,0.8375,true,promoted: +0.040 AUC,2026-06-16 09:15:34
725,0.8867,0.874,true,promoted: +0.013 AUC,2026-05-24 14:33:10
726,0.7952,0.8428,false,held: no AUC gain,2026-06-02 12:54:49
727,0.8581,0.8419,true,promoted: +0.016 AUC,2026-06-01 02:14:56
728,0.792,0.8169,false,held: no AUC gain,2026-06-04 14:53:11
729,0.8109,0.8582,false,held: no AUC gain,2026-05-30 12:45:20
730,0.8684,0.8449,true,promoted: +0.023 AUC,2026-06-23 03:41:02
731,0.8233,0.8397,false,held: no AUC gain,2026-05-26 04:41:49
732,0.773,0.7831,false,held: no AUC gain,2026-06-18 19:00:08
733,0.8289,0.835,false,held: no AUC gain,2026-06-07 02:38:10
734,0.8536,0.8498,true,promoted: +0.004 AUC,2026-06-04 06:23:23
735,0.8123,0.8444,false,held: no AUC gain,2026-06-08 12:12:07
736,0.9187,0.8758,true,promoted: +0.043 AUC,2026-05-26 15:02:57
737,0.8856,0.9068,false,held: no AUC gain,2026-05-24 20:40:50
738,0.9519,0.899,true,promoted: +0.053 AUC,2026-06-21 08:47:58
739,0.8423,0.8371,true,promoted: +0.005 AUC,2026-06-02 01:28:48
740,0.9777,0.9256,true,promoted: +0.052 AUC,2026-06-22 13:42:23
741,0.8742,0.8751,false,held: no AUC gain,2026-06-09 07:13:19
742,0.7853,0.8066,false,held: no AUC gain,2026-06-22 08:04:25
743,0.926,0.9254,true,promoted: +0.001 AUC,2026-06-09 20:02:48
744,0.7976,0.8324,false,held: no AUC gain,2026-05-25 19:18:36
745,0.7893,0.8188,false,held: no AUC gain,2026-06-05 13:07:23
746,0.8497,0.8351,true,promoted: +0.015 AUC,2026-05-24 14:23:46
747,0.8868,0.9188,false,held: no AUC gain,2026-06-22 14:34:45
748,0.8992,0.8887,true,promoted: +0.010 AUC,2026-06-03 07:15:06
749,0.8588,0.8297,true,promoted: +0.029 AUC,2026-06-15 18:21:50
750,0.9096,0.8531,true,promoted: +0.057 AUC,2026-06-07 09:29:24
751,0.8432,0.7839,true,promoted: +0.059 AUC,2026-05-31 22:50:48
752,0.9046,0.8544,true,promoted: +0.050 AUC,2026-06-13 22:48:41
753,0.8635,0.8962,false,held: no AUC gain,2026-05-26 14:20:37
754,0.8448,0.8237,true,promoted: +0.021 AUC,2026-06-06 08:51:38
755,0.8087,0.8044,true,promoted: +0.004 AUC,2026-06-14 23:36:00
756,0.7912,0.7815,true,promoted: +0.010 AUC,2026-06-02 05:06:14
757,0.9141,0.9175,false,held: no AUC gain,2026-06-08 06:15:09
758,0.7885,0.8344,false,held: no AUC gain,2026-06-12 07:40:58
759,0.8715,0.8166,true,promoted: +0.055 AUC,2026-05-25 20:28:50
760,0.8203,0.8475,false,held: no AUC gain,2026-05-27 12:55:56
761,0.7785,0.8154,false,held: no AUC gain,2026-06-14 00:48:01
762,0.866,0.8497,true,promoted: +0.016 AUC,2026-05-30 20:39:11
763,0.8115,0.8102,true,promoted: +0.001 AUC,2026-06-14 17:26:29
764,0.8078,0.8495,false,held: no AUC gain,2026-06-20 10:04:57
765,0.8923,0.8756,true,promoted: +0.017 AUC,2026-06-15 10:53:35
766,0.8278,0.8389,false,held: no AUC gain,2026-06-12 13:44:41
767,0.9439,0.8916,true,promoted: +0.052 AUC,2026-06-16 06:11:50
768,0.8596,0.876,false,held: no AUC gain,2026-06-07 15:08:22
769,0.9109,0.852,true,promoted: +0.059 AUC,2026-06-23 08:40:37
770,0.8921,0.9289,false,held: no AUC gain,2026-05-27 20:34:22
771,0.8648,0.8471,true,promoted: +0.018 AUC,2026-06-16 15:10:13
772,0.8372,0.8863,false,held: no AUC gain,2026-06-13 22:48:17
773,0.8366,0.8628,false,held: no AUC gain,2026-05-27 20:14:04
774,0.8535,0.8456,true,promoted: +0.008 AUC,2026-06-14 10:59:07
775,0.8618,0.8305,true,promoted: +0.031 AUC,2026-06-04 10:59:42
776,0.8469,0.8646,false,held: no AUC gain,2026-06-20 11:25:33
777,0.8813,0.8928,false,held: no AUC gain,2026-05-24 14:46:53
778,0.8253,0.8104,true,promoted: +0.015 AUC,2026-06-20 20:12:31
779,0.8521,0.8407,true,promoted: +0.011 AUC,2026-05-31 16:02:12
780,0.8897,0.8367,true,promoted: +0.053 AUC,2026-06-01 04:01:56
781,0.9208,0.9293,false,held: no AUC gain,2026-06-14 07:08:37
782,0.8562,0.8431,true,promoted: +0.013 AUC,2026-06-19 06:39:44
783,0.8322,0.8226,true,promoted: +0.010 AUC,2026-06-18 22:51:11
784,0.9087,0.8893,true,promoted: +0.019 AUC,2026-06-04 08:51:51
785,0.891,0.9162,false,held: no AUC gain,2026-05-31 09:13:33
786,0.9409,0.9008,true,promoted: +0.040 AUC,2026-05-27 04:49:13
787,0.937,0.8805,true,promoted: +0.056 AUC,2026-06-15 03:36:58
788,0.8784,0.8473,true,promoted: +0.031 AUC,2026-06-08 00:40:46
789,0.9294,0.8841,true,promoted: +0.045 AUC,2026-06-02 21:09:26
790,0.9486,0.9229,true,promoted: +0.026 AUC,2026-06-14 19:58:15
791,0.854,0.8225,true,promoted: +0.032 AUC,2026-05-30 10:40:42
792,0.7898,0.8363,false,held: no AUC gain,2026-06-14 01:36:53
793,0.8739,0.9185,false,held: no AUC gain,2026-06-10 03:44:01
794,0.9165,0.8988,true,promoted: +0.018 AUC,2026-06-10 00:51:31
795,0.7914,0.8072,false,held: no AUC gain,2026-06-11 18:35:56
796,0.7984,0.8009,false,held: no AUC gain,2026-05-25 19:18:28
797,0.8541,0.8145,true,promoted: +0.040 AUC,2026-06-15 14:25:33
798,0.9167,0.8826,true,promoted: +0.034 AUC,2026-06-20 01:32:27
799,0.8546,0.8048,true,promoted: +0.050 AUC,2026-06-20 02:22:10
800,0.982,0.9243,true,promoted: +0.058 AUC,2026-06-05 10:12:01
801,0.8918,0.8582,true,promoted: +0.034 AUC,2026-05-24 12:35:25
802,0.9061,0.9031,true,promoted: +0.003 AUC,2026-06-02 00:26:45
803,0.8897,0.8441,true,promoted: +0.046 AUC,2026-06-22 07:43:41
804,0.8635,0.8672,false,held: no AUC gain,2026-06-15 19:35:10
805,0.8974,0.8719,true,promoted: +0.026 AUC,2026-06-05 22:30:46
806,0.9245,0.9143,true,promoted: +0.010 AUC,2026-06-12 23:54:25
807,0.8198,0.8212,false,held: no AUC gain,2026-06-04 06:42:24
808,0.905,0.9223,false,held: no AUC gain,2026-06-16 18:57:13
809,0.9558,0.9271,true,promoted: +0.029 AUC,2026-05-25 06:33:59
810,0.9038,0.8595,true,promoted: +0.044 AUC,2026-06-17 12:56:27
811,0.8727,0.8627,true,promoted: +0.010 AUC,2026-06-20 05:38:15
812,0.7835,0.814,false,held: no AUC gain,2026-06-22 14:01:45
813,0.8585,0.8664,false,held: no AUC gain,2026-06-21 12:34:28
814,0.9043,0.8607,true,promoted: +0.044 AUC,2026-06-10 18:52:48
815,0.8832,0.9001,false,held: no AUC gain,2026-06-23 10:07:09
816,0.8279,0.8433,false,held: no AUC gain,2026-06-10 00:30:56
817,0.8259,0.8199,true,promoted: +0.006 AUC,2026-05-27 19:53:33
818,0.8888,0.8694,true,promoted: +0.019 AUC,2026-06-17 00:08:06
819,0.7605,0.8094,false,held: no AUC gain,2026-05-31 17:37:55
820,0.8366,0.8795,false,held: no AUC gain,2026-06-21 19:04:04
821,0.7582,0.808,false,held: no AUC gain,2026-06-19 20:13:58
822,0.9169,0.8959,true,promoted: +0.021 AUC,2026-05-29 17:37:59
823,0.8125,0.8573,false,held: no AUC gain,2026-06-22 08:42:27
824,0.8663,0.8203,true,promoted: +0.046 AUC,2026-06-11 19:52:15
825,0.7805,0.8163,false,held: no AUC gain,2026-06-13 21:56:02
826,0.8569,0.8188,true,promoted: +0.038 AUC,2026-06-12 16:10:56
827,0.8,0.7994,true,promoted: +0.001 AUC,2026-06-03 05:45:21
828,0.8798,0.8387,true,promoted: +0.041 AUC,2026-06-03 21:01:56
829,0.9014,0.8923,true,promoted: +0.009 AUC,2026-05-27 16:51:30
830,0.818,0.8203,false,held: no AUC gain,2026-05-25 03:23:14
831,0.8593,0.8537,true,promoted: +0.006 AUC,2026-06-09 09:34:47
832,0.8972,0.928,false,held: no AUC gain,2026-06-03 13:12:22
833,0.9165,0.8922,true,promoted: +0.024 AUC,2026-06-14 14:54:46
834,0.8441,0.8042,true,promoted: +0.040 AUC,2026-05-27 14:17:52
835,0.85,0.7902,true,promoted: +0.060 AUC,2026-06-19 22:14:45
836,0.887,0.8785,true,promoted: +0.008 AUC,2026-05-26 09:56:51
837,0.7993,0.8085,false,held: no AUC gain,2026-05-27 06:34:08
838,0.93,0.9234,true,promoted: +0.007 AUC,2026-06-10 20:38:53
839,0.8869,0.8433,true,promoted: +0.044 AUC,2026-06-01 10:04:33
840,0.8534,0.794,true,promoted: +0.059 AUC,2026-06-04 18:38:14
841,0.8534,0.824,true,promoted: +0.029 AUC,2026-06-11 21:28:24
842,0.8088,0.8294,false,held: no AUC gain,2026-05-27 08:51:40
843,0.8881,0.9226,false,held: no AUC gain,2026-06-06 21:58:56
844,0.9074,0.9264,false,held: no AUC gain,2026-06-07 16:45:40
845,0.8659,0.8534,true,promoted: +0.012 AUC,2026-06-22 05:32:08
846,0.8242,0.8544,false,held: no AUC gain,2026-05-28 21:32:25
847,0.8234,0.8286,false,held: no AUC gain,2026-06-05 04:03:16
848,0.8846,0.8722,true,promoted: +0.012 AUC,2026-06-11 16:55:30
849,0.883,0.8871,false,held: no AUC gain,2026-06-03 06:57:03
850,0.9022,0.869,true,promoted: +0.033 AUC,2026-05-26 19:07:07
851,0.8765,0.8526,true,promoted: +0.024 AUC,2026-06-16 18:57:33
852,0.7888,0.8189,false,held: no AUC gain,2026-06-05 06:57:11
853,0.8335,0.7886,true,promoted: +0.045 AUC,2026-06-06 15:32:45
854,0.8925,0.9034,false,held: no AUC gain,2026-05-27 15:42:31
855,0.9323,0.8828,true,promoted: +0.049 AUC,2026-06-05 11:07:23
856,0.8386,0.8655,false,held: no AUC gain,2026-06-04 13:19:26
857,0.9153,0.863,true,promoted: +0.052 AUC,2026-06-01 18:21:42
858,0.9333,0.8828,true,promoted: +0.051 AUC,2026-05-28 07:59:44
859,0.8333,0.8724,false,held: no AUC gain,2026-06-05 23:09:29
860,0.8252,0.793,true,promoted: +0.032 AUC,2026-06-03 22:46:47
861,0.9375,0.9206,true,promoted: +0.017 AUC,2026-05-27 18:33:54
862,0.845,0.8213,true,promoted: +0.024 AUC,2026-06-02 18:37:07
863,0.8696,0.8714,false,held: no AUC gain,2026-06-13 17:11:46
864,0.7431,0.789,false,held: no AUC gain,2026-06-15 09:17:12
865,0.8513,0.8918,false,held: no AUC gain,2026-05-27 11:13:36
866,0.8145,0.8264,false,held: no AUC gain,2026-06-08 08:26:14
867,0.9548,0.8976,true,promoted: +0.057 AUC,2026-06-16 21:32:40
868,0.9291,0.9036,true,promoted: +0.025 AUC,2026-06-06 06:01:43
869,0.8939,0.8476,true,promoted: +0.046 AUC,2026-06-16 20:36:08
870,0.8504,0.8135,true,promoted: +0.037 AUC,2026-06-16 15:37:52
871,0.866,0.8823,false,held: no AUC gain,2026-06-02 00:27:27
872,0.827,0.836,false,held: no AUC gain,2026-05-27 18:41:44
873,0.9097,0.8535,true,promoted: +0.056 AUC,2026-06-19 18:16:32
874,0.7834,0.8261,false,held: no AUC gain,2026-06-07 12:45:00
875,0.8317,0.8286,true,promoted: +0.003 AUC,2026-06-05 08:34:58
876,0.8838,0.916,false,held: no AUC gain,2026-06-20 04:27:49
877,0.8552,0.8287,true,promoted: +0.026 AUC,2026-06-08 13:57:01
878,0.9738,0.9179,true,promoted: +0.056 AUC,2026-06-17 00:51:03
879,0.9451,0.9109,true,promoted: +0.034 AUC,2026-06-08 07:41:49
880,0.8789,0.8775,true,promoted: +0.001 AUC,2026-06-18 12:39:23
881,0.9297,0.8766,true,promoted: +0.053 AUC,2026-06-14 03:20:14
882,0.9616,0.9259,true,promoted: +0.036 AUC,2026-06-10 19:34:02
883,0.8913,0.9107,false,held: no AUC gain,2026-06-04 03:22:43
884,0.7487,0.7825,false,held: no AUC gain,2026-06-18 18:17:28
885,0.917,0.8921,true,promoted: +0.025 AUC,2026-06-18 14:48:24
886,0.8513,0.8717,false,held: no AUC gain,2026-05-29 22:29:41
887,0.8267,0.8103,true,promoted: +0.016 AUC,2026-06-03 17:08:20
888,0.9029,0.8868,true,promoted: +0.016 AUC,2026-06-10 01:03:02
889,0.9338,0.9223,true,promoted: +0.012 AUC,2026-05-24 15:00:32
890,0.9062,0.9065,false,held: no AUC gain,2026-06-22 01:42:15
891,0.8795,0.8245,true,promoted: +0.055 AUC,2026-06-07 10:30:27
892,0.9113,0.8796,true,promoted: +0.032 AUC,2026-06-01 14:21:48
893,0.9259,0.9203,true,promoted: +0.006 AUC,2026-06-09 11:10:36
894,0.8462,0.7887,true,promoted: +0.057 AUC,2026-06-11 19:41:55
895,0.8599,0.858,true,promoted: +0.002 AUC,2026-06-07 17:37:10
896,0.8377,0.8397,false,held: no AUC gain,2026-06-17 10:11:27
897,0.8871,0.8571,true,promoted: +0.030 AUC,2026-06-16 17:29:44
898,0.9532,0.9202,true,promoted: +0.033 AUC,2026-05-30 08:02:20
899,0.8723,0.8238,true,promoted: +0.049 AUC,2026-06-11 16:30:45
900,0.863,0.8077,true,promoted: +0.055 AUC,2026-06-09 11:20:34
901,0.7619,0.7925,false,held: no AUC gain,2026-06-15 19:00:21
902,0.8705,0.8843,false,held: no AUC gain,2026-06-09 22:16:15
903,0.8485,0.8085,true,promoted: +0.040 AUC,2026-06-22 13:02:17
904,0.8307,0.8506,false,held: no AUC gain,2026-06-05 06:40:57
905,0.8189,0.8303,false,held: no AUC gain,2026-06-11 02:04:22
906,0.8588,0.8231,true,promoted: +0.036 AUC,2026-06-06 19:08:29
907,0.8753,0.9126,false,held: no AUC gain,2026-06-13 04:50:18
908,0.8754,0.8156,true,promoted: +0.060 AUC,2026-06-01 07:32:10
909,0.76,0.8026,false,held: no AUC gain,2026-06-14 06:33:57
910,0.8573,0.8173,true,promoted: +0.040 AUC,2026-05-30 12:18:02
911,0.7466,0.7855,false,held: no AUC gain,2026-05-30 02:02:25
912,0.8616,0.8493,true,promoted: +0.012 AUC,2026-06-18 21:37:45
913,0.8068,0.8389,false,held: no AUC gain,2026-06-10 15:43:04
914,0.8768,0.8775,false,held: no AUC gain,2026-06-16 14:32:25
915,0.761,0.8017,false,held: no AUC gain,2026-06-13 23:17:46
916,0.9078,0.8677,true,promoted: +0.040 AUC,2026-06-15 05:24:16
917,0.8412,0.7822,true,promoted: +0.059 AUC,2026-06-15 01:05:39
918,0.8117,0.8405,false,held: no AUC gain,2026-05-27 05:18:18
919,0.9093,0.8986,true,promoted: +0.011 AUC,2026-06-21 09:36:08
920,0.8624,0.805,true,promoted: +0.057 AUC,2026-05-26 00:31:04
921,0.8732,0.8651,true,promoted: +0.008 AUC,2026-06-21 02:05:06
922,0.895,0.9209,false,held: no AUC gain,2026-06-21 05:48:10
923,0.8165,0.8034,true,promoted: +0.013 AUC,2026-06-10 09:27:25
924,0.8165,0.8036,true,promoted: +0.013 AUC,2026-06-12 01:33:18
925,0.8029,0.7844,true,promoted: +0.018 AUC,2026-06-11 04:52:01
926,0.8537,0.8807,false,held: no AUC gain,2026-05-26 16:57:36
927,0.8977,0.9082,false,held: no AUC gain,2026-06-17 21:04:20
928,0.8716,0.8313,true,promoted: +0.040 AUC,2026-06-18 07:16:13
929,0.9576,0.9068,true,promoted: +0.051 AUC,2026-06-03 13:23:58
930,0.9151,0.9058,true,promoted: +0.009 AUC,2026-06-20 13:27:16
931,0.8485,0.8166,true,promoted: +0.032 AUC,2026-06-04 12:20:38
932,0.8697,0.8588,true,promoted: +0.011 AUC,2026-06-20 19:02:03
933,0.852,0.8694,false,held: no AUC gain,2026-06-10 03:44:35
934,0.8998,0.8689,true,promoted: +0.031 AUC,2026-05-30 03:11:43
935,0.8974,0.9087,false,held: no AUC gain,2026-06-08 11:27:30
936,0.7866,0.8273,false,held: no AUC gain,2026-06-16 14:12:06
937,0.7572,0.798,false,held: no AUC gain,2026-06-18 07:43:05
938,0.8835,0.8856,false,held: no AUC gain,2026-06-06 17:04:28
939,0.855,0.7973,true,promoted: +0.058 AUC,2026-05-28 10:33:41
940,0.8041,0.8386,false,held: no AUC gain,2026-06-14 03:46:53
941,0.9767,0.9239,true,promoted: +0.053 AUC,2026-06-21 04:09:55
942,0.824,0.7914,true,promoted: +0.033 AUC,2026-06-22 14:52:10
943,0.8493,0.7965,true,promoted: +0.053 AUC,2026-05-27 23:32:34
944,0.9174,0.8785,true,promoted: +0.039 AUC,2026-06-20 02:21:06
945,0.8025,0.7802,true,promoted: +0.022 AUC,2026-06-15 18:21:35
946,0.8962,0.9294,false,held: no AUC gain,2026-06-02 05:21:51
947,0.9178,0.8806,true,promoted: +0.037 AUC,2026-06-07 00:51:18
948,0.8542,0.7999,true,promoted: +0.054 AUC,2026-06-21 03:41:07
949,0.8471,0.8107,true,promoted: +0.036 AUC,2026-06-07 04:21:58
950,0.962,0.9101,true,promoted: +0.052 AUC,2026-06-16 18:24:12
951,0.8921,0.8739,true,promoted: +0.018 AUC,2026-06-04 17:28:44
952,0.8089,0.8006,true,promoted: +0.008 AUC,2026-06-11 23:35:47
953,0.8215,0.7843,true,promoted: +0.037 AUC,2026-06-10 07:27:34
954,0.924,0.8666,true,promoted: +0.057 AUC,2026-06-21 12:42:11
955,0.8711,0.8914,false,held: no AUC gain,2026-06-08 03:42:13
956,0.8939,0.8724,true,promoted: +0.021 AUC,2026-05-24 16:31:23
957,0.8758,0.8638,true,promoted: +0.012 AUC,2026-06-15 18:24:32
958,0.742,0.7814,false,held: no AUC gain,2026-05-25 23:07:50
959,0.7731,0.8071,false,held: no AUC gain,2026-06-14 14:40:39
960,0.8111,0.7911,true,promoted: +0.020 AUC,2026-06-07 15:04:34
961,0.9709,0.9231,true,promoted: +0.048 AUC,2026-06-15 21:35:48
962,0.8422,0.8697,false,held: no AUC gain,2026-05-24 13:01:00
963,0.7442,0.7845,false,held: no AUC gain,2026-05-24 21:00:41
964,0.922,0.8785,true,promoted: +0.044 AUC,2026-05-30 23:11:49
965,0.8113,0.7971,true,promoted: +0.014 AUC,2026-06-12 12:52:31
966,0.9556,0.9035,true,promoted: +0.052 AUC,2026-06-23 06:14:13
967,0.8625,0.8895,false,held: no AUC gain,2026-06-07 01:36:26
968,0.8845,0.8367,true,promoted: +0.048 AUC,2026-06-07 00:42:25
969,0.8819,0.926,false,held: no AUC gain,2026-05-29 16:23:33
970,0.8888,0.9234,false,held: no AUC gain,2026-06-14 05:00:43
971,0.8783,0.8509,true,promoted: +0.027 AUC,2026-06-15 13:41:12
972,0.8948,0.8485,true,promoted: +0.046 AUC,2026-06-10 23:43:11
973,0.8685,0.8313,true,promoted: +0.037 AUC,2026-06-13 09:52:21
974,0.7888,0.7881,true,promoted: +0.001 AUC,2026-06-06 22:50:20
975,0.859,0.8821,false,held: no AUC gain,2026-06-22 13:32:53
976,0.8679,0.8993,false,held: no AUC gain,2026-06-12 12:45:38
977,0.9013,0.8565,true,promoted: +0.045 AUC,2026-05-31 23:19:50
978,0.9529,0.9092,true,promoted: +0.044 AUC,2026-06-15 15:32:27
979,0.7766,0.8127,false,held: no AUC gain,2026-06-21 23:30:43
980,0.8899,0.8706,true,promoted: +0.019 AUC,2026-06-03 19:06:53
981,0.874,0.871,true,promoted: +0.003 AUC,2026-06-05 07:08:08
982,0.7813,0.7906,false,held: no AUC gain,2026-06-02 12:20:02
983,0.8613,0.8184,true,promoted: +0.043 AUC,2026-05-24 18:08:46
984,0.8503,0.8293,true,promoted: +0.021 AUC,2026-06-03 13:18:52
985,0.8908,0.9016,false,held: no AUC gain,2026-06-01 17:11:56
986,0.9037,0.9035,true,promoted: +0.000 AUC,2026-06-10 08:49:00
987,0.8375,0.8096,true,promoted: +0.028 AUC,2026-06-21 06:03:48
988,0.8035,0.8316,false,held: no AUC gain,2026-06-01 09:02:48
989,0.8967,0.8495,true,promoted: +0.047 AUC,2026-06-21 12:01:58
990,0.8726,0.8372,true,promoted: +0.035 AUC,2026-06-02 19:02:53
991,0.9132,0.8826,true,promoted: +0.031 AUC,2026-06-04 15:26:10
992,0.8235,0.8363,false,held: no AUC gain,2026-06-01 11:40:45
993,0.8508,0.8033,true,promoted: +0.048 AUC,2026-06-02 18:43:23
994,0.7957,0.8155,false,held: no AUC gain,2026-06-13 10:50:05
995,0.8346,0.8208,true,promoted: +0.014 AUC,2026-06-23 05:06:19
996,0.8881,0.8949,false,held: no AUC gain,2026-05-27 23:56:38
997,0.8959,0.8491,true,promoted: +0.047 AUC,2026-06-01 07:21:08
998,0.794,0.8265,false,held: no AUC gain,2026-05-25 12:37:47
999,0.8041,0.8504,false,held: no AUC gain,2026-06-22 19:11:18
1000,0.8067,0.8267,false,held: no AUC gain,2026-05-30 07:34:14
1001,0.8677,0.8357,true,promoted: +0.032 AUC,2026-06-13 17:40:21
1002,0.9286,0.8943,true,promoted: +0.034 AUC,2026-06-10 08:44:11
1003,0.9468,0.9064,true,promoted: +0.040 AUC,2026-05-25 19:00:21
1004,0.7528,0.7811,false,held: no AUC gain,2026-06-07 07:06:35
1005,0.8009,0.7923,true,promoted: +0.009 AUC,2026-05-28 07:10:48
1006,0.8254,0.8236,true,promoted: +0.002 AUC,2026-06-01 08:03:27
1007,0.8301,0.8732,false,held: no AUC gain,2026-05-27 11:21:34
1008,0.8911,0.8504,true,promoted: +0.041 AUC,2026-06-15 23:52:16
1009,0.9292,0.9125,true,promoted: +0.017 AUC,2026-06-14 15:35:05
1010,0.8164,0.8363,false,held: no AUC gain,2026-05-31 14:40:20
1011,0.8817,0.8717,true,promoted: +0.010 AUC,2026-06-07 21:47:18
1012,0.8893,0.9154,false,held: no AUC gain,2026-06-01 10:05:38
1013,0.9027,0.9168,false,held: no AUC gain,2026-06-04 02:14:17
1014,0.8735,0.9045,false,held: no AUC gain,2026-06-07 11:49:59
1015,0.9676,0.9151,true,promoted: +0.053 AUC,2026-06-10 16:28:28
1016,0.9081,0.863,true,promoted: +0.045 AUC,2026-05-31 15:50:14
1017,0.7527,0.7929,false,held: no AUC gain,2026-05-29 03:31:34
1018,0.8866,0.8953,false,held: no AUC gain,2026-06-19 13:43:34
1019,0.85,0.794,true,promoted: +0.056 AUC,2026-06-08 20:39:56
1020,0.8408,0.7835,true,promoted: +0.057 AUC,2026-06-07 00:32:58
1021,0.9353,0.9188,true,promoted: +0.017 AUC,2026-06-19 01:38:18
1022,0.8294,0.8053,true,promoted: +0.024 AUC,2026-06-12 21:16:44
1023,0.8302,0.7959,true,promoted: +0.034 AUC,2026-06-09 19:26:28
1024,0.8479,0.8652,false,held: no AUC gain,2026-06-01 05:30:00
1025,0.8398,0.7853,true,promoted: +0.055 AUC,2026-05-29 23:10:20
1026,0.7676,0.7919,false,held: no AUC gain,2026-06-15 12:47:55
1027,0.9103,0.8768,true,promoted: +0.034 AUC,2026-06-14 13:51:56
1028,0.8588,0.9019,false,held: no AUC gain,2026-06-04 10:04:27
1029,0.8772,0.9007,false,held: no AUC gain,2026-05-26 13:36:41
1030,0.7828,0.8061,false,held: no AUC gain,2026-06-17 09:04:47
1031,0.8527,0.8048,true,promoted: +0.048 AUC,2026-05-31 09:42:28
1032,0.955,0.9049,true,promoted: +0.050 AUC,2026-06-11 11:11:37
1033,0.8946,0.8924,true,promoted: +0.002 AUC,2026-06-06 06:07:16
1034,0.8126,0.8441,false,held: no AUC gain,2026-06-19 06:57:25
1035,0.7648,0.7941,false,held: no AUC gain,2026-05-30 15:06:38
1036,0.8311,0.8625,false,held: no AUC gain,2026-06-06 03:54:33
1037,0.8718,0.9157,false,held: no AUC gain,2026-06-04 13:01:23
1038,0.8449,0.8073,true,promoted: +0.038 AUC,2026-06-10 07:49:47
1039,0.8263,0.8143,true,promoted: +0.012 AUC,2026-05-31 20:00:28
1040,0.8772,0.9152,false,held: no AUC gain,2026-06-10 13:47:13
1041,0.7732,0.7983,false,held: no AUC gain,2026-06-11 14:59:19
1042,0.8018,0.8039,false,held: no AUC gain,2026-05-26 20:03:57
1043,0.9032,0.8749,true,promoted: +0.028 AUC,2026-06-03 18:27:54
1044,0.8846,0.9299,false,held: no AUC gain,2026-06-08 01:34:31
1045,0.9362,0.8994,true,promoted: +0.037 AUC,2026-06-16 12:56:45
1046,0.7427,0.782,false,held: no AUC gain,2026-06-04 14:43:36
1047,0.8538,0.8564,false,held: no AUC gain,2026-06-03 21:24:33
1048,0.9199,0.9031,true,promoted: +0.017 AUC,2026-06-13 09:30:52
1049,0.7908,0.7887,true,promoted: +0.002 AUC,2026-06-15 22:03:40
1050,0.8651,0.8637,true,promoted: +0.001 AUC,2026-06-03 10:37:24
1051,0.8052,0.794,true,promoted: +0.011 AUC,2026-05-26 23:45:20
1052,0.8594,0.8394,true,promoted: +0.020 AUC,2026-06-04 07:10:47
1053,0.8043,0.8412,false,held: no AUC gain,2026-06-20 00:13:34
1054,0.857,0.8413,true,promoted: +0.016 AUC,2026-06-22 08:44:26
1055,0.8745,0.9212,false,held: no AUC gain,2026-06-04 12:37:19
1056,0.8775,0.8366,true,promoted: +0.041 AUC,2026-06-10 16:18:31
1057,0.8194,0.7977,true,promoted: +0.022 AUC,2026-06-12 01:43:34
1058,0.8071,0.8289,false,held: no AUC gain,2026-05-31 02:52:26
1059,0.7428,0.7825,false,held: no AUC gain,2026-06-05 21:28:57
1060,0.8171,0.8463,false,held: no AUC gain,2026-06-06 21:38:31
1061,0.8708,0.9112,false,held: no AUC gain,2026-05-27 21:22:02
1062,0.8862,0.8659,true,promoted: +0.020 AUC,2026-05-25 06:34:33
1063,0.8463,0.8595,false,held: no AUC gain,2026-06-17 07:39:23
1064,0.9415,0.9131,true,promoted: +0.028 AUC,2026-06-13 11:12:08
1065,0.8459,0.8623,false,held: no AUC gain,2026-06-18 21:19:59
1066,0.8881,0.8972,false,held: no AUC gain,2026-06-06 01:42:09
1067,0.8833,0.8367,true,promoted: +0.047 AUC,2026-06-19 05:23:48
1068,0.8868,0.8635,true,promoted: +0.023 AUC,2026-05-30 17:05:20
1069,0.8632,0.8532,true,promoted: +0.010 AUC,2026-06-12 22:03:28
1070,0.829,0.8227,true,promoted: +0.006 AUC,2026-06-09 19:49:58
1071,0.8978,0.8675,true,promoted: +0.030 AUC,2026-06-16 00:27:52
1072,0.8401,0.8287,true,promoted: +0.011 AUC,2026-06-15 01:40:45
1073,0.8215,0.789,true,promoted: +0.032 AUC,2026-06-16 15:21:03
1074,0.8304,0.7876,true,promoted: +0.043 AUC,2026-06-21 10:33:50
1075,0.9121,0.8917,true,promoted: +0.020 AUC,2026-06-16 03:46:56
1076,0.9352,0.9035,true,promoted: +0.032 AUC,2026-06-08 09:35:22
1077,0.8513,0.8483,true,promoted: +0.003 AUC,2026-06-18 18:39:50
1078,0.8294,0.8714,false,held: no AUC gain,2026-05-30 05:32:10
1079,0.9371,0.8847,true,promoted: +0.052 AUC,2026-06-12 06:37:37
1080,0.8715,0.9047,false,held: no AUC gain,2026-06-17 12:45:36
1081,0.7761,0.8251,false,held: no AUC gain,2026-05-29 18:35:30
1082,0.787,0.7806,true,promoted: +0.006 AUC,2026-05-27 14:33:58
1083,0.7676,0.7838,false,held: no AUC gain,2026-05-30 00:43:22
1084,0.8644,0.8182,true,promoted: +0.046 AUC,2026-06-16 17:37:17
1085,0.7614,0.7939,false,held: no AUC gain,2026-06-02 17:18:03
1086,0.9477,0.911,true,promoted: +0.037 AUC,2026-05-27 08:44:52
1087,0.9376,0.905,true,promoted: +0.033 AUC,2026-06-09 06:15:50
1088,0.8283,0.8001,true,promoted: +0.028 AUC,2026-05-24 17:45:45
1089,0.8541,0.8856,false,held: no AUC gain,2026-06-03 08:08:44
1090,0.8604,0.8366,true,promoted: +0.024 AUC,2026-06-02 12:03:13
1091,0.9422,0.885,true,promoted: +0.057 AUC,2026-06-07 08:28:22
1092,0.8979,0.8724,true,promoted: +0.026 AUC,2026-06-09 17:11:52
1093,0.7808,0.8096,false,held: no AUC gain,2026-06-10 19:38:02
1094,0.9265,0.9202,true,promoted: +0.006 AUC,2026-05-30 00:38:37
1095,0.957,0.917,true,promoted: +0.040 AUC,2026-06-16 23:43:24
1096,0.8998,0.8926,true,promoted: +0.007 AUC,2026-06-07 01:29:22
1097,0.9163,0.9212,false,held: no AUC gain,2026-06-15 02:21:31
1098,0.9585,0.9078,true,promoted: +0.051 AUC,2026-06-13 12:53:13
1099,0.8601,0.8261,true,promoted: +0.034 AUC,2026-05-28 16:19:51
1100,0.889,0.8928,false,held: no AUC gain,2026-06-10 08:31:17
