id,cluster_id,gap_id,distance,assigned_at
1,437,1,0.3901,2026-06-16 12:40:32
2,817,2,0.3637,2026-05-31 10:23:55
3,186,3,0.4961,2026-06-12 20:24:36
4,477,4,0.5343,2026-06-04 12:41:09
5,405,5,0.4261,2026-05-31 22:12:21
6,1062,6,0.5204,2026-05-30 18:57:12
7,70,7,0.4927,2026-06-19 01:57:58
8,343,8,0.456,2026-05-28 06:51:44
9,818,9,0.3409,2026-05-28 19:53:23
10,648,10,0.4296,2026-06-12 23:26:51
11,769,11,0.6842,2026-05-26 00:51:54
12,763,12,0.5526,2026-05-27 03:23:30
13,424,13,0.2344,2026-06-15 18:20:36
14,295,14,0.6108,2026-06-05 08:53:23
15,1057,15,0.6927,2026-06-01 23:21:41
16,201,16,0.1186,2026-06-21 10:39:02
17,8,17,0.6581,2026-05-26 23:57:45
18,296,18,0.1942,2026-06-17 22:04:38
19,186,19,0.4709,2026-06-22 18:04:23
20,1056,20,0.7413,2026-06-03 03:07:32
21,653,21,0.2533,2026-06-09 08:57:25
22,710,22,0.5109,2026-06-11 19:59:05
23,52,23,0.6754,2026-06-04 00:54:34
24,311,24,0.7675,2026-06-14 15:27:28
25,927,25,0.5849,2026-06-09 19:03:36
26,627,26,0.1135,2026-05-26 16:13:32
27,376,27,0.5233,2026-06-03 22:47:28
28,968,28,0.0819,2026-06-16 15:43:49
29,256,29,0.3446,2026-05-27 00:12:33
30,29,30,0.282,2026-06-15 10:50:11
31,334,31,0.0586,2026-06-13 17:25:49
32,56,32,0.6417,2026-06-17 14:23:13
33,692,33,0.4077,2026-05-31 11:33:45
34,766,34,0.4624,2026-06-11 03:28:58
35,264,35,0.3123,2026-05-27 11:39:53
36,789,36,0.7492,2026-06-01 03:34:14
37,93,37,0.6286,2026-06-13 23:13:22
38,125,38,0.6333,2026-06-05 21:22:38
39,820,39,0.6431,2026-06-10 16:10:44
40,815,40,0.5097,2026-06-06 16:05:21
41,919,41,0.7215,2026-06-19 03:28:25
42,699,42,0.3606,2026-06-18 09:19:08
43,1030,43,0.4593,2026-06-05 21:19:57
44,574,44,0.3757,2026-05-29 08:34:21
45,834,45,0.2737,2026-05-29 11:06:36
46,1088,46,0.4948,2026-06-17 12:04:36
47,648,47,0.5335,2026-06-02 20:24:24
48,608,48,0.1061,2026-06-06 11:44:14
49,610,49,0.377,2026-06-18 08:08:35
50,1085,50,0.3762,2026-06-07 21:29:28
51,396,51,0.0572,2026-06-13 19:33:35
52,942,52,0.1515,2026-05-25 01:10:05
53,295,53,0.6933,2026-06-08 16:29:54
54,567,54,0.3882,2026-06-09 00:48:37
55,639,55,0.2094,2026-06-23 05:43:56
56,163,56,0.3581,2026-06-14 11:58:43
57,637,57,0.4675,2026-06-19 09:45:49
58,982,58,0.0423,2026-06-18 14:23:08
59,882,59,0.4833,2026-06-15 18:28:59
60,179,60,0.7983,2026-06-04 09:17:13
61,1000,61,0.5524,2026-06-05 17:40:18
62,670,62,0.612,2026-06-04 20:41:24
63,313,63,0.212,2026-06-04 01:12:36
64,647,64,0.6916,2026-05-29 07:30:27
65,829,65,0.6588,2026-06-13 17:35:17
66,520,66,0.4988,2026-05-26 00:00:31
67,930,67,0.5625,2026-06-17 11:47:52
68,713,68,0.2656,2026-06-22 07:48:08
69,696,69,0.3562,2026-06-22 07:01:17
70,795,70,0.7596,2026-06-20 22:37:42
71,589,71,0.5757,2026-06-19 18:06:45
72,301,72,0.2391,2026-05-31 08:05:23
73,812,73,0.4364,2026-06-14 19:36:05
74,864,74,0.7657,2026-06-21 22:12:42
75,795,75,0.6141,2026-06-20 18:35:19
76,703,76,0.5074,2026-06-08 22:29:46
77,465,77,0.2251,2026-06-20 00:40:07
78,46,78,0.1406,2026-06-19 02:25:37
79,86,79,0.3697,2026-06-11 02:38:58
80,278,80,0.4111,2026-06-05 02:42:21
81,815,81,0.5011,2026-06-02 06:39:36
82,340,82,0.613,2026-06-12 21:59:17
83,731,83,0.564,2026-06-08 21:08:18
84,730,84,0.7097,2026-05-26 01:09:14
85,240,85,0.7096,2026-06-13 08:43:45
86,506,86,0.3743,2026-05-27 15:18:05
87,960,87,0.2844,2026-06-13 18:48:22
88,13,88,0.4343,2026-06-23 00:52:32
89,342,89,0.2109,2026-06-23 08:59:55
90,466,90,0.3568,2026-05-29 13:25:39
91,291,91,0.6187,2026-05-31 11:21:40
92,163,92,0.046,2026-05-29 19:12:01
93,103,93,0.0197,2026-06-06 04:51:01
94,508,94,0.7134,2026-05-31 01:20:00
95,982,95,0.6704,2026-05-25 03:27:55
96,1076,96,0.6745,2026-06-15 21:37:43
97,791,97,0.2082,2026-06-03 11:09:13
98,765,98,0.1878,2026-06-14 00:20:34
99,928,99,0.7599,2026-06-14 12:14:39
100,575,100,0.356,2026-06-10 12:29:52
101,690,101,0.3336,2026-06-17 20:00:59
102,736,102,0.0946,2026-06-18 12:37:55
103,983,103,0.0174,2026-06-19 07:23:20
104,81,104,0.6361,2026-06-03 04:30:57
105,1033,105,0.64,2026-06-01 12:13:33
106,479,106,0.5068,2026-06-17 14:44:49
107,927,107,0.661,2026-05-25 20:13:25
108,540,108,0.3676,2026-06-13 05:46:57
109,683,109,0.0305,2026-06-13 03:15:15
110,225,110,0.5139,2026-06-11 09:38:52
111,93,111,0.1933,2026-05-28 09:32:36
112,710,112,0.7189,2026-06-09 12:57:42
113,151,113,0.0107,2026-05-25 01:14:25
114,101,114,0.3347,2026-06-16 18:43:39
115,776,115,0.5791,2026-05-28 07:01:11
116,291,116,0.4723,2026-06-01 07:29:10
117,786,117,0.4446,2026-05-28 22:23:58
118,502,118,0.1317,2026-06-14 19:22:32
119,42,119,0.3302,2026-06-01 07:42:49
120,927,120,0.6779,2026-06-21 20:27:30
121,175,121,0.796,2026-06-19 12:51:35
122,900,122,0.1716,2026-06-20 17:43:37
123,560,123,0.3117,2026-06-22 02:42:43
124,863,124,0.6913,2026-05-26 08:18:02
125,572,125,0.1797,2026-05-29 10:59:52
126,1029,126,0.594,2026-06-03 20:30:31
127,71,127,0.5263,2026-06-08 12:33:36
128,370,128,0.6342,2026-05-30 13:19:40
129,265,129,0.537,2026-06-20 00:23:01
130,747,130,0.3675,2026-05-29 08:00:37
131,987,131,0.6098,2026-05-28 19:12:35
132,1085,132,0.6359,2026-06-14 13:04:49
133,1053,133,0.5315,2026-06-10 02:21:49
134,845,134,0.7183,2026-06-15 23:32:45
135,780,135,0.0262,2026-06-18 11:07:11
136,837,136,0.1804,2026-05-25 10:41:27
137,123,137,0.2877,2026-06-02 17:48:56
138,409,138,0.1553,2026-06-06 14:15:45
139,1035,139,0.7265,2026-06-18 13:05:29
140,803,140,0.4384,2026-06-03 08:36:08
141,823,141,0.0234,2026-06-10 05:17:25
142,1023,142,0.4111,2026-06-07 19:55:57
143,151,143,0.3922,2026-05-24 20:27:44
144,188,144,0.6964,2026-06-09 03:55:29
145,1042,145,0.5294,2026-06-14 16:54:50
146,970,146,0.243,2026-06-06 09:45:55
147,960,147,0.1457,2026-06-10 19:01:41
148,951,148,0.7968,2026-06-07 22:34:26
149,570,149,0.6008,2026-06-09 14:53:58
150,909,150,0.0233,2026-06-22 13:47:09
151,773,151,0.3285,2026-06-15 09:52:41
152,735,152,0.161,2026-05-27 00:30:30
153,28,153,0.6344,2026-06-03 01:30:00
154,968,154,0.2093,2026-06-09 16:06:58
155,22,155,0.4876,2026-06-12 08:36:22
156,680,156,0.1488,2026-06-22 16:32:04
157,1047,157,0.2431,2026-05-30 14:53:42
158,519,158,0.125,2026-06-23 00:58:31
159,821,159,0.6985,2026-06-14 22:24:42
160,806,160,0.1695,2026-06-05 01:38:52
161,601,161,0.0396,2026-06-21 09:50:30
162,284,162,0.0174,2026-06-08 23:32:30
163,477,163,0.1464,2026-05-27 01:47:47
164,616,164,0.2535,2026-06-17 21:22:31
165,647,165,0.7891,2026-06-03 09:42:44
166,114,166,0.2464,2026-06-16 22:13:05
167,807,167,0.4755,2026-06-16 23:24:05
168,826,168,0.3198,2026-05-26 20:24:19
169,377,169,0.2776,2026-06-02 08:31:05
170,675,170,0.2219,2026-06-19 05:19:31
171,165,171,0.7294,2026-06-22 11:19:05
172,698,172,0.7969,2026-06-06 19:05:45
173,213,173,0.2206,2026-05-25 22:14:46
174,974,174,0.0247,2026-05-28 12:53:50
175,347,175,0.5057,2026-05-28 14:29:37
176,706,176,0.5439,2026-06-15 10:14:27
177,310,177,0.658,2026-06-03 03:55:23
178,1009,178,0.0823,2026-05-26 15:23:00
179,858,179,0.2829,2026-05-24 17:22:54
180,148,180,0.4097,2026-06-18 06:14:21
181,1060,181,0.2101,2026-05-31 06:37:37
182,829,182,0.1721,2026-06-09 17:47:46
183,722,183,0.1936,2026-06-07 16:09:33
184,363,184,0.3314,2026-06-07 15:17:38
185,392,185,0.1813,2026-05-30 17:53:35
186,352,186,0.1807,2026-06-20 10:45:56
187,351,187,0.0437,2026-06-11 22:39:42
188,156,188,0.2118,2026-05-25 12:50:16
189,1015,189,0.7781,2026-06-20 18:11:49
190,549,190,0.4803,2026-06-14 03:44:05
191,852,191,0.3493,2026-06-16 07:23:13
192,456,192,0.4074,2026-06-02 11:06:00
193,1097,193,0.1,2026-06-01 13:30:04
194,609,194,0.1369,2026-05-30 22:48:31
195,960,195,0.3301,2026-05-29 09:58:20
196,794,196,0.436,2026-05-27 13:32:13
197,75,197,0.2814,2026-06-22 09:42:12
198,712,198,0.1206,2026-06-15 07:59:52
199,370,199,0.2453,2026-06-04 15:25:05
200,708,200,0.3817,2026-06-17 01:14:13
201,646,201,0.1932,2026-06-20 23:23:41
202,761,202,0.7594,2026-06-18 17:52:39
203,247,203,0.0868,2026-05-28 10:32:20
204,258,204,0.0228,2026-05-24 14:54:32
205,201,205,0.1637,2026-06-22 12:44:38
206,550,206,0.0616,2026-05-29 14:21:36
207,159,207,0.3485,2026-06-07 14:32:26
208,766,208,0.7448,2026-06-09 05:55:14
209,313,209,0.059,2026-05-30 03:22:10
210,1098,210,0.4312,2026-06-02 05:49:05
211,44,211,0.4989,2026-06-20 00:58:36
212,711,212,0.3108,2026-05-28 14:30:14
213,298,213,0.2287,2026-06-09 02:37:32
214,331,214,0.7084,2026-06-09 12:30:24
215,624,215,0.3712,2026-06-07 13:02:27
216,888,216,0.4403,2026-06-04 18:47:42
217,348,217,0.0361,2026-06-01 05:31:10
218,268,218,0.4278,2026-06-04 15:12:38
219,101,219,0.5054,2026-05-26 12:08:27
220,185,220,0.2611,2026-06-14 00:46:21
221,1013,221,0.469,2026-06-18 11:32:58
222,555,222,0.2976,2026-06-20 00:30:47
223,404,223,0.2923,2026-05-28 00:39:03
224,753,224,0.4943,2026-06-20 21:53:41
225,692,225,0.1535,2026-06-19 00:03:47
226,5,226,0.5113,2026-06-19 07:59:12
227,56,227,0.5065,2026-06-01 15:12:37
228,1005,228,0.2162,2026-06-13 01:28:55
229,545,229,0.3593,2026-05-28 10:53:27
230,398,230,0.2016,2026-05-31 11:53:28
231,890,231,0.4767,2026-06-10 22:13:47
232,623,232,0.5862,2026-06-21 22:58:34
233,1083,233,0.1734,2026-06-07 20:56:33
234,546,234,0.5589,2026-05-31 01:18:58
235,712,235,0.6011,2026-06-02 10:37:50
236,612,236,0.0855,2026-06-04 03:03:21
237,769,237,0.7614,2026-06-16 18:22:41
238,382,238,0.0971,2026-06-16 08:58:54
239,471,239,0.2761,2026-05-27 05:04:00
240,597,240,0.3821,2026-06-06 23:41:18
241,746,241,0.3261,2026-06-20 14:56:16
242,120,242,0.2253,2026-06-12 09:23:28
243,1013,243,0.5006,2026-06-19 22:47:54
244,1015,244,0.3562,2026-06-03 12:44:44
245,319,245,0.2666,2026-05-25 05:59:06
246,100,246,0.1333,2026-06-14 18:33:50
247,145,247,0.258,2026-06-04 19:39:36
248,664,248,0.3217,2026-06-18 20:36:55
249,828,249,0.3459,2026-05-27 03:15:46
250,211,250,0.621,2026-06-08 05:28:21
251,570,251,0.2464,2026-05-24 17:36:31
252,224,252,0.1803,2026-06-15 07:52:52
253,1005,253,0.3735,2026-06-06 20:25:04
254,1037,254,0.1013,2026-06-05 08:04:14
255,783,255,0.7027,2026-06-13 21:14:31
256,119,256,0.5041,2026-05-29 17:17:25
257,395,257,0.2075,2026-06-02 05:02:30
258,807,258,0.6662,2026-05-31 00:02:13
259,923,259,0.6477,2026-06-03 10:26:18
260,579,260,0.6712,2026-05-27 10:59:54
261,686,261,0.3044,2026-05-30 14:43:21
262,62,262,0.4181,2026-06-16 08:23:17
263,1097,263,0.1854,2026-05-31 04:58:33
264,599,264,0.0737,2026-06-18 14:03:16
265,1072,265,0.713,2026-06-09 13:59:23
266,823,266,0.5827,2026-06-07 06:48:02
267,585,267,0.3792,2026-05-29 04:43:18
268,863,268,0.0821,2026-06-03 00:16:01
269,609,269,0.2546,2026-06-10 18:20:40
270,138,270,0.2245,2026-06-14 21:28:16
271,1072,271,0.6362,2026-06-18 03:55:28
272,757,272,0.5422,2026-06-15 07:08:14
273,707,273,0.6069,2026-06-21 10:07:41
274,547,274,0.5538,2026-05-25 14:48:27
275,512,275,0.2252,2026-06-04 12:40:01
276,561,276,0.3711,2026-06-05 01:11:07
277,4,277,0.4845,2026-05-31 09:54:07
278,740,278,0.4771,2026-06-04 15:53:06
279,671,279,0.505,2026-05-29 04:27:41
280,117,280,0.1871,2026-05-31 01:32:07
281,1047,281,0.2588,2026-06-05 13:18:15
282,439,282,0.5474,2026-06-13 02:37:24
283,311,283,0.6528,2026-05-26 06:44:09
284,893,284,0.7664,2026-06-02 16:36:18
285,343,285,0.262,2026-06-02 20:16:46
286,272,286,0.3296,2026-06-01 04:29:32
287,885,287,0.0085,2026-06-02 15:06:18
288,184,288,0.5236,2026-06-03 21:46:04
289,30,289,0.0931,2026-06-01 12:25:50
290,232,290,0.513,2026-06-19 17:54:33
291,818,291,0.099,2026-06-19 23:25:45
292,36,292,0.7934,2026-06-09 15:48:37
293,82,293,0.4735,2026-05-30 07:56:23
294,145,294,0.3285,2026-05-30 07:42:39
295,109,295,0.5696,2026-05-29 13:37:58
296,982,296,0.6526,2026-06-07 14:56:02
297,1025,297,0.0076,2026-06-06 06:01:15
298,524,298,0.283,2026-06-10 14:19:38
299,531,299,0.1565,2026-06-19 04:26:26
300,1100,300,0.2296,2026-06-10 08:13:57
301,870,301,0.1361,2026-06-03 06:43:32
302,672,302,0.6575,2026-06-08 22:10:47
303,67,303,0.3714,2026-06-13 19:46:54
304,867,304,0.7979,2026-05-25 19:05:27
305,933,305,0.6784,2026-06-23 01:26:26
306,892,306,0.274,2026-06-07 22:05:08
307,935,307,0.1656,2026-06-15 11:51:39
308,528,308,0.4707,2026-06-17 05:07:12
309,65,309,0.5929,2026-06-21 07:25:35
310,349,310,0.4522,2026-05-30 09:09:06
311,727,311,0.5386,2026-06-18 21:23:55
312,773,312,0.6315,2026-06-16 01:32:15
313,181,313,0.2897,2026-06-20 16:25:53
314,319,314,0.7118,2026-06-09 13:08:34
315,1027,315,0.5892,2026-06-22 22:23:36
316,900,316,0.5068,2026-06-16 21:53:26
317,453,317,0.5209,2026-06-17 04:59:33
318,63,318,0.0967,2026-06-03 10:56:30
319,1091,319,0.3125,2026-06-06 20:39:21
320,310,320,0.1462,2026-05-26 04:52:54
321,630,321,0.6102,2026-06-07 13:14:00
322,577,322,0.0771,2026-06-18 22:28:43
323,258,323,0.2918,2026-06-06 11:50:56
324,375,324,0.1162,2026-05-27 02:01:13
325,817,325,0.3962,2026-06-05 03:37:05
326,264,326,0.4912,2026-06-11 18:07:07
327,827,327,0.1052,2026-05-30 10:25:31
328,471,328,0.1675,2026-06-09 11:29:09
329,1082,329,0.0761,2026-06-15 07:31:10
330,448,330,0.1022,2026-06-12 08:01:14
331,1004,331,0.6594,2026-06-20 02:18:25
332,1075,332,0.5099,2026-06-19 15:24:01
333,84,333,0.1696,2026-05-28 14:18:57
334,594,334,0.2968,2026-06-10 00:25:56
335,966,335,0.5316,2026-06-13 13:15:36
336,650,336,0.5209,2026-05-29 18:59:09
337,61,337,0.6175,2026-06-17 19:06:35
338,801,338,0.0409,2026-06-01 16:29:14
339,72,339,0.4636,2026-06-01 04:59:18
340,949,340,0.6858,2026-06-19 23:39:23
341,153,341,0.6265,2026-06-01 00:53:12
342,1077,342,0.1891,2026-06-10 23:02:57
343,430,343,0.4018,2026-06-10 03:53:03
344,278,344,0.702,2026-06-21 17:50:04
345,123,345,0.3529,2026-06-19 18:33:32
346,96,346,0.4117,2026-06-03 03:07:12
347,583,347,0.5733,2026-06-21 16:29:43
348,501,348,0.6402,2026-06-09 20:33:07
349,1003,349,0.3011,2026-06-22 01:37:04
350,987,350,0.5869,2026-06-07 12:03:07
351,538,351,0.2637,2026-05-31 02:33:58
352,719,352,0.4981,2026-05-27 08:14:50
353,811,353,0.7016,2026-06-03 18:27:05
354,500,354,0.3911,2026-05-26 01:27:11
355,771,355,0.4692,2026-05-28 17:16:05
356,12,356,0.1302,2026-05-30 16:19:17
357,252,357,0.2328,2026-06-05 21:42:36
358,29,358,0.4866,2026-06-10 00:55:58
359,768,359,0.726,2026-06-04 12:05:05
360,910,360,0.2018,2026-06-13 12:27:24
361,718,361,0.7329,2026-06-20 08:58:49
362,949,362,0.5046,2026-05-26 04:26:20
363,908,363,0.54,2026-06-14 04:10:06
364,385,364,0.7418,2026-05-31 19:00:53
365,862,365,0.3178,2026-06-01 22:21:12
366,671,366,0.4239,2026-06-06 07:22:12
367,699,367,0.5675,2026-06-04 15:22:56
368,656,368,0.0034,2026-06-14 07:36:47
369,621,369,0.5465,2026-06-02 02:47:46
370,1023,370,0.041,2026-06-08 08:57:36
371,282,371,0.1442,2026-05-26 17:27:42
372,165,372,0.5257,2026-06-04 12:37:30
373,6,373,0.3713,2026-06-17 13:28:08
374,685,374,0.4436,2026-06-05 01:21:55
375,740,375,0.2018,2026-05-29 11:09:03
376,932,376,0.1187,2026-05-29 00:21:48
377,493,377,0.4102,2026-06-21 10:17:24
378,702,378,0.2274,2026-05-29 09:18:58
379,241,379,0.7319,2026-05-26 18:35:27
380,563,380,0.775,2026-05-29 22:59:33
381,408,381,0.3367,2026-06-14 21:14:30
382,313,382,0.0367,2026-05-28 18:26:17
383,540,383,0.553,2026-06-10 02:54:05
384,489,384,0.676,2026-06-06 05:51:29
385,1025,385,0.2807,2026-06-16 18:27:55
386,58,386,0.4935,2026-06-16 12:27:44
387,40,387,0.7027,2026-06-21 06:29:09
388,1017,388,0.658,2026-05-26 12:20:29
389,225,389,0.2228,2026-06-04 11:07:47
390,330,390,0.5206,2026-06-02 22:13:04
391,756,391,0.0665,2026-05-25 13:25:06
392,976,392,0.1347,2026-05-31 20:51:41
393,538,393,0.6939,2026-06-17 16:07:06
394,555,394,0.6823,2026-05-28 14:08:15
395,891,395,0.0292,2026-06-13 07:26:35
396,266,396,0.1809,2026-06-22 02:59:42
397,29,397,0.3153,2026-06-12 05:32:35
398,1006,398,0.2784,2026-06-05 11:00:24
399,525,399,0.743,2026-05-27 15:09:27
400,1012,400,0.261,2026-06-15 07:29:05
401,251,401,0.4872,2026-06-06 18:23:16
402,944,402,0.7453,2026-06-03 19:48:53
403,224,403,0.6509,2026-06-01 16:47:18
404,593,404,0.1818,2026-05-30 10:36:21
405,630,405,0.0848,2026-06-19 18:12:56
406,250,406,0.3972,2026-06-06 19:27:42
407,36,407,0.1797,2026-06-22 12:37:54
408,907,408,0.1761,2026-06-04 12:47:03
409,747,409,0.5012,2026-06-02 17:23:22
410,94,410,0.0654,2026-05-28 00:08:44
411,743,411,0.2479,2026-06-03 14:00:52
412,62,412,0.3713,2026-06-22 01:16:56
413,545,413,0.3417,2026-06-09 13:25:15
414,1069,414,0.73,2026-06-19 00:48:20
415,455,415,0.2392,2026-05-26 20:55:59
416,909,416,0.1477,2026-06-22 07:34:15
417,660,417,0.1379,2026-06-05 23:13:21
418,73,418,0.0756,2026-05-25 00:04:22
419,618,419,0.5869,2026-06-23 08:57:21
420,126,420,0.5736,2026-05-29 10:10:19
421,336,421,0.1669,2026-06-17 01:17:48
422,731,422,0.6698,2026-05-25 02:47:15
423,984,423,0.5062,2026-06-04 04:23:56
424,1071,424,0.6528,2026-05-31 12:45:24
425,789,425,0.08,2026-06-10 13:31:28
426,219,426,0.7065,2026-06-12 04:40:25
427,63,427,0.7946,2026-05-25 03:17:56
428,491,428,0.2221,2026-06-04 22:50:22
429,55,429,0.2655,2026-06-01 17:04:33
430,204,430,0.0123,2026-06-19 01:50:58
431,392,431,0.6099,2026-06-11 00:36:00
432,67,432,0.6288,2026-06-04 03:58:33
433,379,433,0.7811,2026-06-18 14:36:15
434,467,434,0.4127,2026-06-11 02:02:10
435,639,435,0.6969,2026-06-21 12:25:12
436,391,436,0.7337,2026-06-14 09:46:18
437,553,437,0.7375,2026-06-14 08:13:30
438,951,438,0.4388,2026-06-01 03:12:59
439,297,439,0.5071,2026-06-16 15:34:33
440,257,440,0.7891,2026-06-02 00:11:29
441,96,441,0.5292,2026-06-04 00:29:45
442,813,442,0.6774,2026-05-31 02:27:33
443,1065,443,0.7042,2026-06-03 09:58:26
444,84,444,0.5125,2026-06-03 17:00:14
445,478,445,0.5203,2026-06-12 23:08:04
446,837,446,0.385,2026-05-26 05:28:05
447,925,447,0.2605,2026-06-10 05:06:25
448,689,448,0.103,2026-05-26 08:43:07
449,174,449,0.6184,2026-06-08 16:54:27
450,256,450,0.1371,2026-06-14 14:40:47
451,1016,451,0.191,2026-06-10 10:44:21
452,189,452,0.0249,2026-06-15 17:01:06
453,418,453,0.1785,2026-06-05 22:16:21
454,237,454,0.7606,2026-06-06 19:31:46
455,407,455,0.1668,2026-05-27 18:37:06
456,280,456,0.2747,2026-06-09 05:45:36
457,870,457,0.433,2026-06-22 23:34:13
458,999,458,0.3266,2026-06-10 01:17:45
459,681,459,0.6815,2026-06-16 00:38:06
460,344,460,0.326,2026-05-24 23:32:43
461,78,461,0.4993,2026-06-07 08:12:06
462,716,462,0.0681,2026-06-11 22:16:28
463,598,463,0.7477,2026-06-13 14:41:07
464,610,464,0.6739,2026-06-19 20:52:49
465,560,465,0.582,2026-06-09 05:16:43
466,1011,466,0.2643,2026-06-08 10:20:31
467,589,467,0.4408,2026-06-19 05:51:55
468,929,468,0.1203,2026-06-11 08:52:11
469,411,469,0.338,2026-06-06 13:25:58
470,933,470,0.6637,2026-06-23 03:03:06
471,516,471,0.0226,2026-05-31 00:18:48
472,1003,472,0.0403,2026-05-31 12:43:13
473,670,473,0.4661,2026-06-17 07:45:29
474,398,474,0.6285,2026-06-13 03:41:55
475,1100,475,0.5718,2026-06-19 17:23:43
476,260,476,0.0256,2026-06-12 23:47:30
477,940,477,0.4904,2026-06-15 06:31:42
478,136,478,0.4799,2026-06-09 10:04:46
479,149,479,0.576,2026-05-25 17:20:14
480,669,480,0.5773,2026-05-31 12:47:16
481,667,481,0.0889,2026-06-10 12:08:00
482,1009,482,0.4401,2026-06-14 09:35:38
483,668,483,0.3242,2026-06-14 17:37:26
484,766,484,0.6203,2026-05-26 02:45:47
485,572,485,0.0551,2026-06-21 04:28:13
486,888,486,0.7028,2026-05-30 22:33:50
487,90,487,0.1789,2026-06-02 19:37:57
488,22,488,0.0175,2026-06-16 21:31:50
489,470,489,0.6127,2026-06-02 16:54:55
490,200,490,0.0107,2026-05-26 18:27:23
491,365,491,0.7106,2026-05-31 03:48:02
492,925,492,0.4838,2026-05-31 20:37:42
493,426,493,0.1763,2026-06-22 01:58:26
494,268,494,0.7981,2026-06-23 10:32:17
495,1061,495,0.4292,2026-06-14 13:03:58
496,71,496,0.0581,2026-06-10 22:18:42
497,1063,497,0.2751,2026-06-01 00:39:41
498,644,498,0.7559,2026-06-18 05:16:49
499,249,499,0.4794,2026-06-22 01:07:42
500,894,500,0.1413,2026-06-12 12:27:14
501,645,501,0.7057,2026-06-18 01:45:03
502,374,502,0.3849,2026-06-08 12:05:09
503,304,503,0.4566,2026-06-12 20:39:39
504,563,504,0.4024,2026-06-19 07:56:45
505,168,505,0.1621,2026-06-03 06:10:06
506,248,506,0.5371,2026-06-09 10:13:55
507,17,507,0.3708,2026-06-18 01:12:55
508,168,508,0.3202,2026-06-22 09:39:52
509,257,509,0.2556,2026-06-06 04:21:12
510,306,510,0.4933,2026-06-18 21:59:11
511,100,511,0.1189,2026-06-01 03:15:44
512,1008,512,0.696,2026-06-20 10:28:04
513,108,513,0.5532,2026-06-16 03:56:22
514,973,514,0.1146,2026-05-31 18:29:19
515,185,515,0.5606,2026-06-19 06:05:00
516,83,516,0.7144,2026-06-08 05:29:15
517,415,517,0.0699,2026-06-09 14:27:24
518,530,518,0.3382,2026-05-29 03:42:16
519,363,519,0.11,2026-06-09 10:55:30
520,667,520,0.2194,2026-06-11 15:21:49
521,265,521,0.4348,2026-06-20 15:12:47
522,1078,522,0.5271,2026-05-26 05:30:05
523,547,523,0.5405,2026-06-11 12:56:35
524,343,524,0.3845,2026-06-21 20:18:16
525,620,525,0.3236,2026-06-04 02:52:46
526,1016,526,0.1562,2026-06-05 13:56:31
527,970,527,0.4885,2026-06-05 21:14:53
528,1042,528,0.4859,2026-05-26 06:39:20
529,62,529,0.1408,2026-06-15 00:43:40
530,540,530,0.4877,2026-06-14 11:05:51
531,346,531,0.6844,2026-06-16 15:22:22
532,954,532,0.4067,2026-06-13 08:33:04
533,950,533,0.5363,2026-06-17 18:47:22
534,346,534,0.3203,2026-05-31 01:27:38
535,647,535,0.2285,2026-06-19 00:14:07
536,893,536,0.7227,2026-05-31 17:05:51
537,577,537,0.4128,2026-06-08 21:16:25
538,1100,538,0.2186,2026-06-04 13:06:36
539,833,539,0.2462,2026-06-07 05:15:18
540,946,540,0.5164,2026-05-27 10:01:01
541,947,541,0.7467,2026-06-16 22:20:50
542,62,542,0.6012,2026-06-22 04:05:48
543,246,543,0.5429,2026-05-24 12:04:25
544,464,544,0.4709,2026-06-19 16:24:22
545,270,545,0.0932,2026-05-28 01:53:02
546,924,546,0.021,2026-06-08 08:42:09
547,522,547,0.6888,2026-06-20 16:52:18
548,411,548,0.3057,2026-05-25 17:51:41
549,436,549,0.3933,2026-06-10 17:54:57
550,1096,550,0.1007,2026-05-29 06:27:11
551,914,551,0.1915,2026-05-31 12:29:02
552,640,552,0.1983,2026-06-13 10:05:10
553,762,553,0.0616,2026-06-09 12:18:23
554,37,554,0.1344,2026-05-30 16:37:04
555,760,555,0.657,2026-06-04 19:19:51
556,827,556,0.4499,2026-06-16 07:32:33
557,1086,557,0.3609,2026-06-02 17:07:57
558,58,558,0.3007,2026-06-20 01:50:50
559,272,559,0.4806,2026-05-26 01:56:36
560,190,560,0.0495,2026-06-14 09:19:48
561,757,561,0.1475,2026-06-21 00:37:07
562,712,562,0.5215,2026-06-15 23:07:06
563,77,563,0.6041,2026-05-26 15:59:23
564,939,564,0.1652,2026-06-02 11:21:25
565,184,565,0.3498,2026-06-17 03:19:11
566,841,566,0.7142,2026-05-28 02:34:51
567,383,567,0.2825,2026-06-13 06:46:05
568,756,568,0.2078,2026-06-04 17:33:43
569,536,569,0.1908,2026-06-12 22:49:29
570,819,570,0.3779,2026-06-23 10:39:08
571,228,571,0.7453,2026-06-23 03:52:20
572,1039,572,0.7616,2026-06-01 03:41:28
573,384,573,0.0118,2026-06-08 16:47:35
574,27,574,0.3424,2026-06-22 03:12:45
575,279,575,0.6825,2026-06-01 06:17:57
576,1081,576,0.5171,2026-06-17 18:03:32
577,759,577,0.1978,2026-06-16 10:57:35
578,701,578,0.1642,2026-05-31 06:47:10
579,159,579,0.5786,2026-06-18 18:00:36
580,535,580,0.5854,2026-06-07 05:07:52
581,855,581,0.1967,2026-06-22 20:04:11
582,789,582,0.5251,2026-06-18 16:43:37
583,1058,583,0.1295,2026-06-20 06:49:26
584,1032,584,0.135,2026-06-06 07:28:18
585,780,585,0.1642,2026-05-30 12:37:38
586,999,586,0.4693,2026-06-13 23:32:10
587,986,587,0.1185,2026-06-10 17:09:24
588,366,588,0.2135,2026-06-12 12:30:27
589,851,589,0.148,2026-06-07 13:15:03
590,670,590,0.7002,2026-06-07 22:19:02
591,114,591,0.5781,2026-05-30 08:13:13
592,1095,592,0.5317,2026-05-25 15:58:22
593,894,593,0.7055,2026-06-13 19:39:21
594,504,594,0.4987,2026-05-27 14:48:17
595,901,595,0.7865,2026-06-10 20:36:05
596,933,596,0.5876,2026-05-28 23:33:56
597,39,597,0.1163,2026-06-03 09:02:37
598,1094,598,0.5631,2026-05-28 07:38:56
599,873,599,0.4464,2026-06-21 16:39:15
600,720,600,0.778,2026-06-12 00:58:41
601,996,601,0.4104,2026-06-07 23:18:34
602,215,602,0.2402,2026-06-12 12:44:20
603,1076,603,0.0376,2026-06-17 04:55:08
604,1047,604,0.6204,2026-05-29 03:50:05
605,639,605,0.5108,2026-06-04 10:48:37
606,271,606,0.7979,2026-06-12 06:47:49
607,84,607,0.526,2026-06-06 18:30:02
608,753,608,0.0502,2026-06-07 06:16:57
609,580,609,0.7076,2026-06-12 23:40:55
610,483,610,0.2313,2026-06-14 11:37:35
611,560,611,0.7136,2026-06-09 04:11:36
612,140,612,0.3184,2026-06-23 01:10:10
613,915,613,0.2122,2026-05-26 01:44:27
614,388,614,0.7189,2026-05-27 03:22:08
615,1086,615,0.4588,2026-06-06 00:57:56
616,274,616,0.0225,2026-06-18 03:58:04
617,358,617,0.0658,2026-06-05 14:24:27
618,384,618,0.23,2026-05-30 07:10:51
619,416,619,0.0091,2026-05-31 11:36:53
620,309,620,0.3248,2026-06-22 19:53:30
621,304,621,0.5615,2026-06-08 00:11:06
622,745,622,0.3738,2026-06-13 16:27:57
623,860,623,0.5168,2026-06-12 19:02:31
624,885,624,0.5861,2026-06-19 16:00:11
625,539,625,0.2176,2026-06-23 06:26:02
626,984,626,0.1589,2026-06-14 09:41:50
627,40,627,0.6038,2026-06-03 20:25:42
628,744,628,0.5844,2026-06-23 07:44:15
629,202,629,0.4895,2026-06-19 07:43:44
630,481,630,0.3372,2026-05-29 05:06:12
631,783,631,0.2108,2026-06-11 22:57:51
632,406,632,0.4408,2026-06-10 10:54:38
633,119,633,0.71,2026-06-21 07:33:32
634,825,634,0.706,2026-06-20 19:05:59
635,463,635,0.1841,2026-06-14 11:36:31
636,697,636,0.6097,2026-06-21 19:50:24
637,266,637,0.0553,2026-06-07 20:29:26
638,939,638,0.3256,2026-05-25 11:32:13
639,310,639,0.7931,2026-05-31 00:57:37
640,482,640,0.1904,2026-06-09 02:32:31
641,510,641,0.7835,2026-06-13 06:49:52
642,115,642,0.0987,2026-06-20 03:23:11
643,743,643,0.6366,2026-05-26 09:33:32
644,907,644,0.7479,2026-06-17 11:53:30
645,747,645,0.1412,2026-06-02 23:55:48
646,285,646,0.5358,2026-06-10 18:38:45
647,400,647,0.3991,2026-06-16 03:53:14
648,979,648,0.2905,2026-06-01 02:07:36
649,1016,649,0.4183,2026-06-15 13:58:42
650,673,650,0.1359,2026-06-18 09:25:57
651,699,651,0.2492,2026-06-03 17:46:40
652,195,652,0.4785,2026-06-04 10:24:49
653,360,653,0.0421,2026-06-07 07:54:22
654,433,654,0.6607,2026-05-28 16:41:13
655,515,655,0.7817,2026-06-17 18:12:54
656,90,656,0.1368,2026-06-10 13:00:12
657,151,657,0.5881,2026-06-15 04:11:50
658,459,658,0.0411,2026-06-09 14:21:00
659,61,659,0.6881,2026-06-18 08:13:45
660,830,660,0.1939,2026-06-11 11:25:44
661,498,661,0.1508,2026-06-14 11:40:26
662,628,662,0.3541,2026-06-14 19:39:48
663,137,663,0.0327,2026-06-22 17:25:59
664,237,664,0.2489,2026-05-28 19:04:58
665,989,665,0.3948,2026-06-01 11:04:08
666,440,666,0.7226,2026-05-28 12:48:24
667,55,667,0.1589,2026-06-05 05:05:30
668,238,668,0.5515,2026-06-01 15:58:31
669,527,669,0.2793,2026-06-16 13:29:50
670,174,670,0.7792,2026-06-15 03:38:22
671,145,671,0.7407,2026-06-12 16:40:43
672,538,672,0.2292,2026-06-21 16:02:32
673,964,673,0.7036,2026-06-15 00:03:06
674,1089,674,0.3036,2026-05-30 03:38:39
675,1077,675,0.0753,2026-05-30 12:10:35
676,378,676,0.4409,2026-06-20 08:54:41
677,718,677,0.5599,2026-05-27 11:53:04
678,678,678,0.0954,2026-05-31 16:22:16
679,285,679,0.276,2026-06-04 18:45:44
680,851,680,0.3309,2026-06-22 00:06:40
681,506,681,0.5338,2026-06-09 03:38:54
682,26,682,0.2731,2026-06-12 16:27:51
683,460,683,0.2472,2026-06-14 18:50:00
684,563,684,0.5735,2026-05-29 16:59:24
685,39,685,0.0473,2026-06-15 19:57:35
686,691,686,0.4666,2026-06-07 00:16:57
687,496,687,0.0435,2026-06-07 19:18:17
688,491,688,0.6222,2026-06-16 19:23:28
689,300,689,0.5598,2026-06-03 00:24:15
690,32,690,0.4327,2026-06-22 03:44:30
691,1056,691,0.7115,2026-06-23 08:21:47
692,765,692,0.3838,2026-06-02 22:21:55
693,338,693,0.3879,2026-05-27 03:28:50
694,549,694,0.0446,2026-06-16 03:40:36
695,589,695,0.7887,2026-06-02 14:40:21
696,586,696,0.7791,2026-06-10 23:41:06
697,714,697,0.4695,2026-06-08 21:25:57
698,160,698,0.775,2026-06-06 16:49:12
699,332,699,0.6438,2026-05-26 23:36:52
700,1086,700,0.1912,2026-05-30 18:53:44
701,568,701,0.7127,2026-06-15 12:56:54
702,1005,702,0.4201,2026-06-13 07:46:26
703,136,703,0.6803,2026-05-31 16:27:05
704,983,704,0.624,2026-06-13 09:18:33
705,789,705,0.214,2026-06-19 04:35:08
706,543,706,0.475,2026-06-18 19:43:27
707,550,707,0.7938,2026-06-07 00:35:52
708,344,708,0.2443,2026-06-05 00:09:44
709,399,709,0.237,2026-05-30 19:47:10
710,359,710,0.6521,2026-06-03 05:12:40
711,881,711,0.6537,2026-06-12 04:42:14
712,243,712,0.3335,2026-06-07 14:12:39
713,287,713,0.7736,2026-06-17 11:42:19
714,622,714,0.2858,2026-05-27 21:41:29
715,123,715,0.657,2026-05-30 19:26:27
716,935,716,0.6269,2026-06-11 22:59:11
717,202,717,0.1433,2026-05-26 21:21:35
718,740,718,0.7521,2026-05-28 06:00:38
719,976,719,0.1886,2026-06-08 19:03:59
720,398,720,0.4671,2026-06-02 10:46:12
721,247,721,0.5166,2026-06-01 10:09:29
722,830,722,0.7284,2026-06-08 13:12:48
723,341,723,0.4591,2026-06-09 18:10:55
724,249,724,0.5173,2026-05-28 01:01:32
725,504,725,0.537,2026-06-16 01:59:41
726,224,726,0.4436,2026-05-25 01:26:29
727,1069,727,0.2868,2026-06-10 17:30:50
728,158,728,0.1926,2026-06-16 21:41:16
729,960,729,0.7106,2026-06-10 00:08:19
730,727,730,0.6117,2026-06-06 21:11:05
731,169,731,0.7116,2026-06-22 15:55:03
732,637,732,0.3032,2026-05-31 12:11:06
733,691,733,0.4977,2026-06-07 22:00:00
734,374,734,0.1109,2026-06-10 23:35:37
735,941,735,0.2031,2026-05-29 19:49:23
736,872,736,0.3915,2026-06-10 11:52:02
737,1037,737,0.6965,2026-05-30 14:23:35
738,520,738,0.2829,2026-06-08 12:56:20
739,957,739,0.1928,2026-06-21 11:29:32
740,415,740,0.6141,2026-05-25 09:56:50
741,400,741,0.6382,2026-06-04 01:40:46
742,160,742,0.3364,2026-06-17 10:21:35
743,105,743,0.6604,2026-06-01 23:54:47
744,498,744,0.0632,2026-06-22 15:36:16
745,702,745,0.6446,2026-06-09 19:20:50
746,547,746,0.4783,2026-06-18 09:26:18
747,791,747,0.7391,2026-06-17 23:18:57
748,80,748,0.6115,2026-06-20 02:58:55
749,1001,749,0.3673,2026-06-10 14:55:32
750,760,750,0.7083,2026-05-28 21:23:52
751,474,751,0.6942,2026-05-29 05:18:32
752,223,752,0.3751,2026-05-27 01:11:27
753,393,753,0.1723,2026-06-16 16:10:52
754,554,754,0.1512,2026-06-11 19:06:58
755,962,755,0.6573,2026-05-31 01:21:20
756,975,756,0.4472,2026-05-27 13:25:59
757,714,757,0.1211,2026-06-22 02:23:14
758,170,758,0.4355,2026-06-08 09:59:19
759,550,759,0.7545,2026-06-08 16:49:10
760,725,760,0.1593,2026-06-01 03:37:29
761,505,761,0.5859,2026-05-29 18:17:32
762,1052,762,0.5943,2026-06-04 21:12:42
763,487,763,0.1005,2026-06-15 23:20:11
764,45,764,0.1052,2026-06-02 02:41:48
765,160,765,0.2586,2026-06-08 08:36:53
766,955,766,0.7805,2026-06-21 18:55:30
767,653,767,0.0328,2026-06-10 05:27:12
768,144,768,0.3281,2026-06-20 15:28:38
769,967,769,0.3786,2026-06-11 17:33:04
770,181,770,0.0942,2026-06-21 17:09:22
771,584,771,0.1031,2026-05-28 09:52:17
772,490,772,0.289,2026-05-24 23:35:23
773,514,773,0.564,2026-05-25 09:32:58
774,397,774,0.2635,2026-06-21 22:52:10
775,496,775,0.558,2026-05-24 16:49:33
776,645,776,0.7105,2026-06-08 11:05:06
777,727,777,0.6853,2026-06-07 23:09:40
778,366,778,0.6217,2026-05-28 13:57:05
779,842,779,0.6691,2026-06-11 20:03:43
780,686,780,0.1965,2026-06-03 21:23:53
781,373,781,0.4337,2026-06-09 15:29:01
782,413,782,0.2904,2026-06-03 10:06:57
783,964,783,0.4222,2026-06-05 13:22:14
784,636,784,0.2101,2026-06-01 08:25:10
785,630,785,0.2015,2026-06-08 22:15:23
786,692,786,0.1911,2026-06-02 00:04:49
787,808,787,0.3043,2026-06-16 00:24:19
788,149,788,0.2039,2026-06-02 01:23:22
789,682,789,0.5536,2026-05-28 06:29:02
790,705,790,0.5509,2026-06-14 08:07:38
791,330,791,0.3543,2026-06-13 23:22:45
792,979,792,0.1143,2026-06-03 08:52:00
793,996,793,0.7992,2026-06-02 18:43:32
794,129,794,0.0249,2026-05-24 19:28:01
795,168,795,0.7211,2026-05-31 00:23:48
796,750,796,0.7815,2026-06-21 07:31:03
797,474,797,0.269,2026-06-13 07:35:31
798,1097,798,0.737,2026-05-25 09:58:48
799,916,799,0.2228,2026-06-08 13:48:01
800,311,800,0.5741,2026-06-06 11:37:02
801,15,801,0.2082,2026-06-05 17:07:39
802,552,802,0.5691,2026-05-25 05:41:36
803,1013,803,0.5068,2026-05-30 10:01:43
804,1075,804,0.0412,2026-06-16 11:45:03
805,57,805,0.2639,2026-06-01 16:45:45
806,4,806,0.4929,2026-06-08 23:56:56
807,261,807,0.4942,2026-06-06 04:53:00
808,939,808,0.7057,2026-06-03 01:49:49
809,54,809,0.7108,2026-05-26 09:34:10
810,149,810,0.6237,2026-06-17 01:12:36
811,389,811,0.1537,2026-05-31 14:17:00
812,202,812,0.368,2026-06-22 08:55:15
813,599,813,0.6968,2026-05-30 02:40:53
814,330,814,0.2991,2026-06-15 23:02:19
815,593,815,0.1004,2026-06-03 19:08:39
816,1069,816,0.1399,2026-06-08 02:16:59
817,502,817,0.2965,2026-05-29 02:53:12
818,722,818,0.3464,2026-05-29 04:21:24
819,104,819,0.1098,2026-05-25 15:35:32
820,845,820,0.1195,2026-06-20 13:24:47
821,474,821,0.1579,2026-06-12 13:43:12
822,397,822,0.2938,2026-06-06 14:19:52
823,856,823,0.0687,2026-05-29 18:02:16
824,739,824,0.6747,2026-06-15 14:15:45
825,1027,825,0.4358,2026-06-06 03:54:08
826,861,826,0.5481,2026-06-10 08:43:30
827,1040,827,0.2951,2026-06-12 16:29:21
828,548,828,0.0137,2026-06-02 06:00:52
829,481,829,0.3681,2026-06-06 13:31:13
830,760,830,0.7092,2026-06-19 22:40:09
831,760,831,0.343,2026-05-30 16:55:13
832,471,832,0.4291,2026-06-05 04:40:34
833,1024,833,0.5382,2026-06-20 15:01:37
834,751,834,0.0875,2026-06-19 11:51:03
835,619,835,0.7909,2026-06-10 18:31:46
836,704,836,0.1358,2026-06-08 03:41:59
837,335,837,0.7714,2026-06-02 03:58:40
838,117,838,0.3759,2026-06-05 03:03:32
839,283,839,0.2845,2026-05-29 09:46:57
840,327,840,0.7189,2026-06-11 21:05:10
841,127,841,0.7526,2026-05-26 12:57:44
842,205,842,0.6111,2026-06-02 18:55:28
843,292,843,0.5819,2026-05-28 08:27:23
844,859,844,0.0511,2026-06-21 01:33:11
845,275,845,0.7602,2026-06-10 22:51:45
846,1056,846,0.0634,2026-05-28 20:57:54
847,719,847,0.4613,2026-06-07 21:31:15
848,168,848,0.426,2026-06-02 21:59:28
849,357,849,0.5451,2026-05-26 04:35:39
850,501,850,0.364,2026-06-02 04:54:10
851,120,851,0.7461,2026-06-08 00:27:48
852,176,852,0.7323,2026-06-15 09:28:10
853,898,853,0.233,2026-06-04 11:22:31
854,383,854,0.4055,2026-06-05 12:26:31
855,1071,855,0.1993,2026-06-07 22:02:02
856,623,856,0.3381,2026-06-09 18:52:49
857,750,857,0.6512,2026-05-25 22:39:32
858,260,858,0.063,2026-05-31 23:49:58
859,953,859,0.7089,2026-06-09 17:55:00
860,450,860,0.3508,2026-06-15 13:13:11
861,54,861,0.5094,2026-06-19 19:41:13
862,1099,862,0.2219,2026-06-20 10:36:16
863,650,863,0.3584,2026-05-25 21:16:11
864,509,864,0.7326,2026-06-04 22:13:55
865,609,865,0.5015,2026-06-10 04:37:40
866,851,866,0.0128,2026-05-30 06:38:55
867,139,867,0.6951,2026-06-06 01:26:32
868,226,868,0.395,2026-06-12 23:59:35
869,484,869,0.77,2026-06-10 20:16:30
870,580,870,0.3586,2026-05-30 11:56:46
871,346,871,0.7065,2026-05-24 16:44:05
872,739,872,0.4581,2026-06-03 23:05:46
873,921,873,0.5729,2026-06-09 14:56:06
874,212,874,0.4196,2026-06-18 15:59:10
875,512,875,0.0082,2026-06-19 06:06:28
876,760,876,0.5133,2026-05-27 11:49:54
877,794,877,0.0878,2026-06-22 01:56:59
878,671,878,0.3926,2026-06-10 16:58:40
879,273,879,0.2018,2026-05-26 08:46:28
880,1015,880,0.2751,2026-06-19 08:33:29
881,641,881,0.6679,2026-06-16 15:00:22
882,841,882,0.1512,2026-06-05 07:59:42
883,1023,883,0.1501,2026-06-13 12:04:07
884,94,884,0.4032,2026-06-20 11:21:39
885,929,885,0.6928,2026-05-29 01:08:44
886,667,886,0.2044,2026-05-28 20:55:32
887,691,887,0.7803,2026-06-06 14:47:47
888,1077,888,0.5711,2026-05-24 13:37:32
889,587,889,0.7312,2026-06-04 13:03:52
890,397,890,0.1422,2026-06-19 11:33:35
891,726,891,0.669,2026-06-16 16:16:49
892,750,892,0.5298,2026-05-30 12:34:55
893,478,893,0.5289,2026-06-22 06:25:53
894,1012,894,0.0262,2026-06-19 23:49:10
895,455,895,0.1806,2026-06-10 09:00:55
896,592,896,0.0813,2026-06-18 09:55:29
897,479,897,0.5887,2026-06-04 08:29:44
898,286,898,0.1561,2026-06-10 10:07:59
899,711,899,0.0564,2026-06-19 00:45:13
900,687,900,0.2816,2026-06-05 18:44:04
901,655,901,0.4477,2026-06-16 23:29:17
902,427,902,0.6405,2026-05-29 11:13:52
903,1061,903,0.2381,2026-06-13 17:21:58
904,368,904,0.4524,2026-06-05 06:34:04
905,108,905,0.6388,2026-06-09 00:34:02
906,853,906,0.5715,2026-06-04 11:21:29
907,984,907,0.3395,2026-06-13 13:34:12
908,222,908,0.5885,2026-06-14 09:06:30
909,617,909,0.029,2026-06-05 11:37:36
910,936,910,0.7747,2026-05-29 23:27:53
911,400,911,0.4403,2026-06-03 05:00:39
912,412,912,0.6438,2026-06-06 13:08:05
913,609,913,0.5695,2026-06-04 05:11:42
914,579,914,0.1885,2026-06-13 20:00:07
915,970,915,0.6138,2026-05-27 01:40:53
916,976,916,0.7505,2026-06-19 05:48:13
917,658,917,0.2799,2026-06-02 17:12:21
918,685,918,0.5664,2026-06-17 00:42:07
919,978,919,0.3298,2026-05-25 03:41:46
920,103,920,0.1879,2026-06-16 15:23:04
921,303,921,0.2596,2026-06-01 15:58:54
922,24,922,0.66,2026-06-11 20:31:58
923,308,923,0.5228,2026-05-30 18:22:08
924,249,924,0.7212,2026-06-14 05:37:04
925,87,925,0.7927,2026-06-12 16:23:35
926,122,926,0.6873,2026-05-25 02:46:52
927,150,927,0.339,2026-06-16 08:24:56
928,665,928,0.2391,2026-06-16 09:19:47
929,685,929,0.4244,2026-05-29 14:10:59
930,209,930,0.0764,2026-06-05 12:37:51
931,390,931,0.0446,2026-05-27 16:02:45
932,836,932,0.7219,2026-06-15 07:38:58
933,451,933,0.6421,2026-06-19 00:51:40
934,982,934,0.4021,2026-06-22 17:58:00
935,316,935,0.4985,2026-06-16 07:04:18
936,461,936,0.2975,2026-05-31 03:47:06
937,805,937,0.0251,2026-06-17 18:30:23
938,286,938,0.0122,2026-06-01 16:19:48
939,749,939,0.2057,2026-06-10 04:12:38
940,493,940,0.0895,2026-06-12 19:41:52
941,229,941,0.2543,2026-06-04 22:39:39
942,128,942,0.5619,2026-05-25 18:28:59
943,305,943,0.1429,2026-06-18 18:33:53
944,361,944,0.0414,2026-05-27 04:31:40
945,883,945,0.3195,2026-05-29 04:31:30
946,688,946,0.0349,2026-06-09 03:45:48
947,647,947,0.7912,2026-06-14 13:02:51
948,238,948,0.7534,2026-05-29 09:23:45
949,788,949,0.4366,2026-06-14 05:22:52
950,593,950,0.4009,2026-06-12 08:51:05
951,385,951,0.0598,2026-05-26 18:01:14
952,1065,952,0.0611,2026-06-14 08:47:08
953,991,953,0.3673,2026-06-10 23:23:34
954,567,954,0.533,2026-06-15 22:18:11
955,352,955,0.448,2026-05-31 11:57:23
956,381,956,0.7547,2026-06-05 12:25:10
957,404,957,0.7686,2026-06-05 21:09:41
958,482,958,0.7542,2026-06-16 19:02:16
959,257,959,0.6817,2026-05-27 02:56:42
960,1078,960,0.0065,2026-06-05 00:49:09
961,437,961,0.7736,2026-06-21 03:52:33
962,383,962,0.2155,2026-05-31 18:26:40
963,985,963,0.7061,2026-06-15 23:04:44
964,390,964,0.2108,2026-06-05 17:20:15
965,950,965,0.4554,2026-06-12 19:16:44
966,1020,966,0.7718,2026-06-01 11:38:47
967,94,967,0.0801,2026-06-12 06:40:57
968,286,968,0.772,2026-05-26 23:13:18
969,550,969,0.3229,2026-05-29 18:06:23
970,26,970,0.6638,2026-05-29 10:00:45
971,708,971,0.4978,2026-06-14 22:32:17
972,601,972,0.4807,2026-06-09 07:52:41
973,127,973,0.7382,2026-05-30 13:13:23
974,650,974,0.479,2026-06-21 16:08:11
975,705,975,0.4566,2026-06-21 15:26:53
976,404,976,0.404,2026-05-27 23:48:20
977,282,977,0.4561,2026-05-30 12:17:45
978,659,978,0.3283,2026-06-02 10:59:15
979,609,979,0.6518,2026-05-27 12:03:41
980,615,980,0.2246,2026-06-23 00:25:33
981,444,981,0.1862,2026-06-13 09:17:25
982,743,982,0.1838,2026-06-02 14:02:48
983,814,983,0.6844,2026-06-10 20:37:45
984,630,984,0.3643,2026-06-22 06:55:13
985,210,985,0.6306,2026-06-02 03:53:29
986,472,986,0.5615,2026-06-22 08:10:39
987,1,987,0.1801,2026-06-22 11:48:36
988,901,988,0.6987,2026-06-08 02:27:10
989,110,989,0.0195,2026-05-31 16:54:08
990,123,990,0.5558,2026-06-02 14:08:31
991,972,991,0.3544,2026-05-27 10:19:16
992,966,992,0.0035,2026-06-08 19:06:49
993,808,993,0.7618,2026-05-26 18:44:13
994,868,994,0.6652,2026-06-22 02:28:24
995,730,995,0.0808,2026-06-15 09:01:47
996,253,996,0.6966,2026-06-21 09:08:44
997,520,997,0.5057,2026-05-26 00:30:21
998,6,998,0.4671,2026-06-19 05:39:28
999,536,999,0.2369,2026-06-09 18:53:23
1000,240,1000,0.2182,2026-06-22 22:58:54
1001,335,1001,0.567,2026-06-23 08:07:35
1002,489,1002,0.214,2026-06-14 16:34:18
1003,512,1003,0.5333,2026-05-26 09:34:06
1004,715,1004,0.4187,2026-06-01 18:30:04
1005,859,1005,0.4647,2026-06-12 08:52:11
1006,426,1006,0.5453,2026-06-03 19:07:34
1007,998,1007,0.4079,2026-06-01 23:04:43
1008,1000,1008,0.0454,2026-06-19 08:10:07
1009,695,1009,0.3058,2026-05-26 19:19:06
1010,922,1010,0.6743,2026-05-29 01:29:52
1011,791,1011,0.4022,2026-06-05 14:47:07
1012,741,1012,0.784,2026-06-10 19:13:20
1013,742,1013,0.7926,2026-06-10 22:07:39
1014,848,1014,0.7132,2026-06-15 00:09:26
1015,788,1015,0.7607,2026-05-30 03:22:44
1016,95,1016,0.7194,2026-06-20 02:13:01
1017,1028,1017,0.6466,2026-06-09 07:56:05
1018,490,1018,0.3188,2026-05-31 00:56:47
1019,468,1019,0.1484,2026-06-19 12:05:05
1020,288,1020,0.1417,2026-06-07 15:13:03
1021,542,1021,0.4543,2026-06-13 14:49:11
1022,426,1022,0.748,2026-05-28 03:55:25
1023,31,1023,0.5371,2026-06-23 10:01:45
1024,729,1024,0.5199,2026-06-14 05:40:08
1025,50,1025,0.399,2026-06-06 03:35:34
1026,924,1026,0.3136,2026-06-19 07:30:44
1027,679,1027,0.1635,2026-05-27 03:43:41
1028,490,1028,0.1503,2026-06-03 04:54:16
1029,679,1029,0.4482,2026-06-21 22:59:23
1030,104,1030,0.7647,2026-06-02 00:06:36
1031,966,1031,0.4861,2026-06-09 16:54:13
1032,938,1032,0.0352,2026-06-16 15:51:46
1033,271,1033,0.7283,2026-06-21 09:31:40
1034,99,1034,0.1159,2026-06-22 13:03:46
1035,530,1035,0.5063,2026-06-18 19:59:17
1036,946,1036,0.098,2026-06-20 02:38:07
1037,496,1037,0.4482,2026-06-11 17:39:41
1038,828,1038,0.4324,2026-06-20 14:49:31
1039,690,1039,0.7894,2026-06-20 17:47:36
1040,631,1040,0.7446,2026-05-28 08:00:13
1041,209,1041,0.2266,2026-06-12 18:11:06
1042,1070,1042,0.2269,2026-06-14 23:55:55
1043,789,1043,0.1907,2026-06-05 03:00:58
1044,469,1044,0.1442,2026-06-06 12:35:00
1045,1037,1045,0.5374,2026-05-28 18:31:10
1046,219,1046,0.4007,2026-05-27 00:51:10
1047,403,1047,0.5046,2026-05-29 23:14:30
1048,274,1048,0.4921,2026-06-22 14:29:24
1049,471,1049,0.3771,2026-06-20 15:28:07
1050,801,1050,0.2376,2026-06-02 20:10:52
1051,482,1051,0.0142,2026-05-28 23:35:00
1052,949,1052,0.6541,2026-05-30 20:57:54
1053,51,1053,0.3759,2026-06-08 14:44:30
1054,102,1054,0.5842,2026-06-01 04:02:07
1055,817,1055,0.7839,2026-06-14 09:19:47
1056,173,1056,0.5044,2026-06-05 15:49:22
1057,493,1057,0.7304,2026-05-25 08:17:50
1058,523,1058,0.5439,2026-06-22 23:20:23
1059,893,1059,0.1157,2026-06-15 09:21:33
1060,95,1060,0.6482,2026-06-11 11:00:11
1061,680,1061,0.1532,2026-06-22 05:56:23
1062,494,1062,0.0818,2026-06-02 10:59:28
1063,399,1063,0.7483,2026-06-11 01:11:41
1064,151,1064,0.0336,2026-06-12 13:00:42
1065,273,1065,0.5668,2026-06-20 07:00:58
1066,630,1066,0.2643,2026-05-24 13:53:13
1067,235,1067,0.6571,2026-06-20 03:28:32
1068,398,1068,0.6476,2026-06-02 16:20:27
1069,680,1069,0.7157,2026-05-29 11:12:31
1070,1082,1070,0.7535,2026-05-24 22:05:10
1071,1016,1071,0.0624,2026-06-21 14:39:27
1072,760,1072,0.793,2026-06-10 18:15:34
1073,330,1073,0.4058,2026-06-20 11:30:43
1074,500,1074,0.6509,2026-06-04 03:44:29
1075,628,1075,0.2682,2026-05-26 18:22:57
1076,388,1076,0.3566,2026-06-03 13:46:02
1077,469,1077,0.5924,2026-05-29 08:26:56
1078,642,1078,0.3443,2026-06-06 11:38:41
1079,787,1079,0.737,2026-05-25 01:36:23
1080,917,1080,0.7876,2026-06-22 12:44:37
1081,74,1081,0.6326,2026-06-09 11:19:01
1082,1001,1082,0.1154,2026-06-11 18:17:49
1083,52,1083,0.6712,2026-06-07 05:11:32
1084,767,1084,0.5961,2026-06-02 16:57:11
1085,930,1085,0.6459,2026-06-02 12:17:15
1086,317,1086,0.21,2026-06-23 02:35:28
1087,926,1087,0.7805,2026-06-19 18:00:34
1088,261,1088,0.1147,2026-06-15 09:10:59
1089,85,1089,0.1316,2026-06-02 09:48:56
1090,584,1090,0.0425,2026-06-08 16:40:57
1091,747,1091,0.731,2026-06-09 05:12:32
1092,558,1092,0.6051,2026-06-11 14:12:11
1093,316,1093,0.7505,2026-06-06 22:39:47
1094,615,1094,0.3145,2026-06-12 02:39:12
1095,874,1095,0.0739,2026-05-31 22:17:52
1096,575,1096,0.4292,2026-06-06 08:52:22
1097,692,1097,0.5578,2026-06-04 06:29:28
1098,387,1098,0.0191,2026-06-05 19:57:58
1099,1090,1099,0.3224,2026-05-26 15:00:42
1100,280,1100,0.7349,2026-06-05 06:41:38
